frequency_hz,mean_dbm,relative_db
2.361000000000000000e+09,-7.151780386017823332e+01,-6.301062681327998405e+01
2.361006682000000000e+09,-7.329583497873473164e+01,-6.478865793183648236e+01
2.361013363000000000e+09,-7.101091380666694874e+01,-6.250373675976869947e+01
2.361020045000000000e+09,-7.114404607537657910e+01,-6.263686902847832982e+01
2.361026726000000000e+09,-7.100977336136706697e+01,-6.250259631446881770e+01
2.361033408000000000e+09,-7.181941523665207683e+01,-6.331223818975382756e+01
2.361040089000000000e+09,-7.129791574087413153e+01,-6.279073869397588226e+01
2.361046771000000000e+09,-7.241038738898309646e+01,-6.390321034208484718e+01
2.361053452000000000e+09,-7.241263076577399715e+01,-6.390545371887574788e+01
2.361060134000000000e+09,-7.278544133824473761e+01,-6.427826429134648833e+01
2.361066815000000000e+09,-7.025259075909643514e+01,-6.174541371219818586e+01
2.361073497000000000e+09,-7.088461696010787705e+01,-6.237743991320962778e+01
2.361080178000000000e+09,-7.032093147670923372e+01,-6.181375442981098445e+01
2.361086860000000000e+09,-7.096916379770897265e+01,-6.246198675081072338e+01
2.361093541000000000e+09,-7.085382491641246361e+01,-6.234664786951421434e+01
2.361100223000000000e+09,-7.185443321597695387e+01,-6.334725616907870460e+01
2.361106904000000000e+09,-7.015759041149497932e+01,-6.165041336459673005e+01
2.361113586000000000e+09,-7.116425984342636468e+01,-6.265708279652811541e+01
2.361120267000000000e+09,-7.135008420307472932e+01,-6.284290715617648004e+01
2.361126949000000000e+09,-7.095489781140871344e+01,-6.244772076451046416e+01
2.361133630000000000e+09,-7.009407212012270350e+01,-6.158689507322445422e+01
2.361140312000000000e+09,-7.147717583985178180e+01,-6.296999879295353253e+01
2.361146993000000000e+09,-7.150116260048525874e+01,-6.299398555358700946e+01
2.361153675000000000e+09,-7.145378148038444976e+01,-6.294660443348620049e+01
2.361160356000000000e+09,-6.936591791304164190e+01,-6.085874086614339262e+01
2.361167038000000000e+09,-7.152644464411699232e+01,-6.301926759721874305e+01
2.361173719000000000e+09,-7.101898746482093827e+01,-6.251181041792268900e+01
2.361180401000000000e+09,-7.182325935620947632e+01,-6.331608230931122705e+01
2.361187082000000000e+09,-7.180700726274640999e+01,-6.329983021584816072e+01
2.361193764000000000e+09,-7.092171831908025581e+01,-6.241454127218200654e+01
2.361200445000000000e+09,-7.137402817261764199e+01,-6.286685112571939271e+01
2.361207127000000000e+09,-7.283160945408680220e+01,-6.432443240718855293e+01
2.361213808000000000e+09,-7.173835427176348389e+01,-6.323117722486523462e+01
2.361220490000000000e+09,-7.208915286578361759e+01,-6.358197581888536831e+01
2.361227171000000000e+09,-7.166237489892202461e+01,-6.315519785202377534e+01
2.361233853000000000e+09,-7.004917881128322676e+01,-6.154200176438497749e+01
2.361240535000000000e+09,-7.080249732795181217e+01,-6.229532028105356289e+01
2.361247216000000000e+09,-7.166082970042592137e+01,-6.315365265352767210e+01
2.361253898000000000e+09,-7.043721188484258278e+01,-6.193003483794433350e+01
2.361260579000000000e+09,-7.041210351038581905e+01,-6.190492646348756978e+01
2.361267261000000000e+09,-7.200050857128248083e+01,-6.349333152438423156e+01
2.361273942000000000e+09,-7.384924644501208491e+01,-6.534206939811383563e+01
2.361280624000000000e+09,-7.263493812500182401e+01,-6.412776107810357473e+01
2.361287305000000000e+09,-7.186205243442209678e+01,-6.335487538752384751e+01
2.361293987000000000e+09,-7.126818164316738091e+01,-6.276100459626913164e+01
2.361300668000000000e+09,-7.274959697108974410e+01,-6.424241992419149483e+01
2.361307350000000000e+09,-6.931633675776022585e+01,-6.080915971086197658e+01
2.361314031000000000e+09,-7.097071784814245632e+01,-6.246354080124420705e+01
2.361320713000000000e+09,-7.110655296035801598e+01,-6.259937591345976671e+01
2.361327394000000000e+09,-6.985690299525343505e+01,-6.134972594835518578e+01
2.361334076000000000e+09,-7.041317023379990303e+01,-6.190599318690165376e+01
2.361340757000000000e+09,-7.123399414522204154e+01,-6.272681709832379227e+01
2.361347439000000000e+09,-7.120508279700442245e+01,-6.269790575010617317e+01
2.361354120000000000e+09,-7.103618078193710517e+01,-6.252900373503885589e+01
2.361360802000000000e+09,-7.225439911987497510e+01,-6.374722207297672583e+01
2.361367483000000000e+09,-7.008326477944973476e+01,-6.157608773255148549e+01
2.361374165000000000e+09,-7.213401621106295636e+01,-6.362683916416470709e+01
2.361380846000000000e+09,-7.217427767873259370e+01,-6.366710063183434443e+01
2.361387528000000000e+09,-7.091112914655919042e+01,-6.240395209966094114e+01
2.361394209000000000e+09,-7.310652236647780455e+01,-6.459934531957955528e+01
2.361400891000000000e+09,-7.336394965824025860e+01,-6.485677261134200933e+01
2.361407572000000000e+09,-7.348780139760373231e+01,-6.498062435070548304e+01
2.361414254000000000e+09,-7.039939165585715841e+01,-6.189221460895890914e+01
2.361420935000000000e+09,-6.995569034074554793e+01,-6.144851329384729866e+01
2.361427617000000000e+09,-7.044023578931833640e+01,-6.193305874242008713e+01
2.361434298000000000e+09,-7.203795476894885041e+01,-6.353077772205060114e+01
2.361440980000000000e+09,-7.167797170383310856e+01,-6.317079465693485929e+01
2.361447661000000000e+09,-6.913180057888462215e+01,-6.062462353198637288e+01
2.361454343000000000e+09,-7.270270066163037370e+01,-6.419552361473212443e+01
2.361461024000000000e+09,-7.168912418524139696e+01,-6.318194713834314769e+01
2.361467706000000000e+09,-7.302390731369131061e+01,-6.451673026679306133e+01
2.361474388000000000e+09,-7.223688866841182232e+01,-6.372971162151357305e+01
2.361481069000000000e+09,-7.230617114416223501e+01,-6.379899409726398574e+01
2.361487751000000000e+09,-7.235224255438504315e+01,-6.384506550748679388e+01
2.361494432000000000e+09,-7.302621201764794989e+01,-6.451903497074970062e+01
2.361501114000000000e+09,-7.279443704310517660e+01,-6.428725999620692733e+01
2.361507795000000000e+09,-7.163217933802670245e+01,-6.312500229112845318e+01
2.361514477000000000e+09,-7.089456527786887818e+01,-6.238738823097062891e+01
2.361521158000000000e+09,-7.109500737896001965e+01,-6.258783033206177038e+01
2.361527840000000000e+09,-7.311039598671248996e+01,-6.460321893981424068e+01
2.361534521000000000e+09,-7.210379372352062433e+01,-6.359661667662237505e+01
2.361541203000000000e+09,-7.010266163368817161e+01,-6.159548458678992233e+01
2.361547884000000000e+09,-6.978216475208121494e+01,-6.127498770518296567e+01
2.361554566000000000e+09,-7.214849535370555600e+01,-6.364131830680730673e+01
2.361561247000000000e+09,-7.136274570106257897e+01,-6.285556865416432970e+01
2.361567929000000000e+09,-7.128921423321945383e+01,-6.278203718632120456e+01
2.361574610000000000e+09,-7.313377032926052834e+01,-6.462659328236227907e+01
2.361581292000000000e+09,-7.224088314482131068e+01,-6.373370609792306141e+01
2.361587973000000000e+09,-7.264014154236585341e+01,-6.413296449546760414e+01
2.361594655000000000e+09,-7.314757265449341617e+01,-6.464039560759516689e+01
2.361601336000000000e+09,-7.194321346379327053e+01,-6.343603641689502126e+01
2.361608018000000000e+09,-7.233808057052797835e+01,-6.383090352362972908e+01
2.361614699000000000e+09,-7.115258819442769322e+01,-6.264541114752944395e+01
2.361621381000000000e+09,-7.192585849430264489e+01,-6.341868144740439561e+01
2.361628062000000000e+09,-7.024394031874214761e+01,-6.173676327184389834e+01
2.361634744000000000e+09,-7.140887400476530900e+01,-6.290169695786705972e+01
2.361641425000000000e+09,-7.204612994446878815e+01,-6.353895289757053888e+01
2.361648107000000000e+09,-7.297235662827095837e+01,-6.446517958137270909e+01
2.361654788000000000e+09,-7.101457198020017358e+01,-6.250739493330192431e+01
2.361661470000000000e+09,-7.108213663793152648e+01,-6.257495959103327721e+01
2.361668151000000000e+09,-7.245575838818139403e+01,-6.394858134128314475e+01
2.361674833000000000e+09,-7.210570774081152479e+01,-6.359853069391327551e+01
2.361681514000000000e+09,-7.050444582981290864e+01,-6.199726878291465937e+01
2.361688196000000000e+09,-7.309972255216253245e+01,-6.459254550526428318e+01
2.361694878000000000e+09,-7.261816091786231198e+01,-6.411098387096406270e+01
2.361701559000000000e+09,-7.173291277037485258e+01,-6.322573572347660331e+01
2.361708241000000000e+09,-7.264001403724543593e+01,-6.413283699034718666e+01
2.361714922000000000e+09,-7.278194304927880864e+01,-6.427476600238055937e+01
2.361721604000000000e+09,-7.225366950289067347e+01,-6.374649245599242420e+01
2.361728285000000000e+09,-7.192245547143710382e+01,-6.341527842453885455e+01
2.361734967000000000e+09,-7.144155098808218440e+01,-6.293437394118393513e+01
2.361741648000000000e+09,-7.075606325486131709e+01,-6.224888620796306782e+01
2.361748330000000000e+09,-7.114713163438328536e+01,-6.263995458748503609e+01
2.361755011000000000e+09,-7.160883057019742637e+01,-6.310165352329917710e+01
2.361761693000000000e+09,-7.113493624799549764e+01,-6.262775920109724836e+01
2.361768374000000000e+09,-7.104741607603638442e+01,-6.254023902913813515e+01
2.361775056000000000e+09,-7.373890905568197240e+01,-6.523173200878372313e+01
2.361781737000000000e+09,-7.186921754356137626e+01,-6.336204049666312699e+01
2.361788419000000000e+09,-7.282225471849943688e+01,-6.431507767160118760e+01
2.361795100000000000e+09,-7.107088601854887600e+01,-6.256370897165062672e+01
2.361801782000000000e+09,-7.130720797713055958e+01,-6.280003093023231031e+01
2.361808463000000000e+09,-7.346091160551596033e+01,-6.495373455861771106e+01
2.361815145000000000e+09,-6.820546330638066479e+01,-5.969828625948241552e+01
2.361821826000000000e+09,-6.966038501567622632e+01,-6.115320796877797704e+01
2.361828508000000000e+09,-6.726427844512598142e+01,-5.875710139822773215e+01
2.361835189000000000e+09,-6.499963091600223208e+01,-5.649245386910398281e+01
2.361841871000000000e+09,-6.188709703738547319e+01,-5.337991999048722391e+01
2.361848552000000000e+09,-5.639193474256377669e+01,-4.788475769566552742e+01
2.361855234000000000e+09,-5.642929025926445519e+01,-4.792211321236619881e+01
2.361861915000000000e+09,-5.292984656905093743e+01,-4.442266952215268816e+01
2.361868597000000000e+09,-5.238515947734310885e+01,-4.387798243044485957e+01
2.361875278000000000e+09,-5.077884938151314032e+01,-4.227167233461489104e+01
2.361881960000000000e+09,-5.025190582727600486e+01,-4.174472878037775558e+01
2.361888641000000000e+09,-4.970666702066863962e+01,-4.119948997377038324e+01
2.361895323000000000e+09,-4.840778288073921232e+01,-3.990060583384095594e+01
2.361902004000000000e+09,-4.873229416361260746e+01,-4.022511711671435819e+01
2.361908686000000000e+09,-4.936462432063332528e+01,-4.085744727373507601e+01
2.361915367000000000e+09,-5.065570252031457699e+01,-4.214852547341632771e+01
2.361922049000000000e+09,-5.124606596451392448e+01,-4.273888891761566811e+01
2.361928731000000000e+09,-5.232879138935707886e+01,-4.382161434245882958e+01
2.361935412000000000e+09,-5.351532927938457362e+01,-4.500815223248632435e+01
2.361942094000000000e+09,-5.303757256153563304e+01,-4.453039551463737666e+01
2.361948775000000000e+09,-5.500707604909344894e+01,-4.649989900219519257e+01
2.361955457000000000e+09,-5.490001980206520926e+01,-4.639284275516695288e+01
2.361962138000000000e+09,-5.576734918170731703e+01,-4.726017213480906776e+01
2.361968820000000000e+09,-5.861833819864407502e+01,-5.011116115174581864e+01
2.361975501000000000e+09,-6.002912753773805576e+01,-5.152195049083979939e+01
2.361982183000000000e+09,-6.368441440268837539e+01,-5.517723735579012612e+01
2.361988864000000000e+09,-6.443389903937369922e+01,-5.592672199247544995e+01
2.361995546000000000e+09,-6.735110492959370276e+01,-5.884392788269545349e+01
2.362002227000000000e+09,-6.556406164942680448e+01,-5.705688460252855521e+01
2.362008909000000000e+09,-6.697678142663339429e+01,-5.846960437973514502e+01
2.362015590000000000e+09,-6.420842224750337834e+01,-5.570124520060512907e+01
2.362022272000000000e+09,-6.162981451635830155e+01,-5.312263746946004517e+01
2.362028953000000000e+09,-6.025585532709036585e+01,-5.174867828019210947e+01
2.362035635000000000e+09,-5.941781837333252980e+01,-5.091064132643427342e+01
2.362042316000000000e+09,-5.844418141152274870e+01,-4.993700436462449943e+01
2.362048998000000000e+09,-5.761684035728951869e+01,-4.910966331039126942e+01
2.362055679000000000e+09,-5.681194184606758313e+01,-4.830476479916933386e+01
2.362062361000000000e+09,-5.534179098552969123e+01,-4.683461393863143485e+01
2.362069042000000000e+09,-5.458539723878938332e+01,-4.607822019189113405e+01
2.362075724000000000e+09,-5.311619672545067061e+01,-4.460901967855241423e+01
2.362082405000000000e+09,-5.019155876527744198e+01,-4.168438171837918560e+01
2.362089087000000000e+09,-4.916710965275206746e+01,-4.065993260585381108e+01
2.362095768000000000e+09,-4.972716846157705817e+01,-4.121999141467880179e+01
2.362102450000000000e+09,-5.097616433017095261e+01,-4.246898728327269623e+01
2.362109131000000000e+09,-4.983142970049667042e+01,-4.132425265359842115e+01
2.362115813000000000e+09,-5.061470744801597021e+01,-4.210753040111771384e+01
2.362122494000000000e+09,-4.914664696850005043e+01,-4.063946992160180116e+01
2.362129176000000000e+09,-5.121449274727082468e+01,-4.270731570037257541e+01
2.362135857000000000e+09,-5.164428192808478713e+01,-4.313710488118653075e+01
2.362142539000000000e+09,-5.241835971197503596e+01,-4.391118266507677959e+01
2.362149220000000000e+09,-5.328158472997692741e+01,-4.477440768307867813e+01
2.362155902000000000e+09,-5.740315398500050037e+01,-4.889597693810225110e+01
2.362162584000000000e+09,-5.913954899725929693e+01,-5.063237195036104765e+01
2.362169265000000000e+09,-6.108296643815286586e+01,-5.257578939125461659e+01
2.362175947000000000e+09,-6.568177073423096601e+01,-5.717459368733271674e+01
2.362182628000000000e+09,-6.884989059425453206e+01,-6.034271354735628279e+01
2.362189310000000000e+09,-6.912727627400749952e+01,-6.062009922710925025e+01
2.362195991000000000e+09,-7.158362188423596706e+01,-6.307644483733771779e+01
2.362202673000000000e+09,-7.150111693696922543e+01,-6.299393989007097616e+01
2.362209354000000000e+09,-7.013653738945573934e+01,-6.162936034255749007e+01
2.362216036000000000e+09,-7.245603573332311953e+01,-6.394885868642487026e+01
2.362222717000000000e+09,-7.047682613027421894e+01,-6.196964908337596967e+01
2.362229399000000000e+09,-7.214913441829206420e+01,-6.364195737139381492e+01
2.362236080000000000e+09,-7.230819837449774923e+01,-6.380102132759949995e+01
2.362242762000000000e+09,-7.252358947629984698e+01,-6.401641242940159771e+01
2.362249443000000000e+09,-7.255628300528248076e+01,-6.404910595838423149e+01
2.362256125000000000e+09,-7.048824452637532545e+01,-6.198106747947707618e+01
2.362262806000000000e+09,-7.293593942902055005e+01,-6.442876238212230078e+01
2.362269488000000000e+09,-7.271995603407926012e+01,-6.421277898718101085e+01
2.362276169000000000e+09,-7.141118162276214321e+01,-6.290400457586389393e+01
2.362282851000000000e+09,-7.140106586252603904e+01,-6.289388881562778977e+01
2.362289532000000000e+09,-7.317758615459953830e+01,-6.467040910770128903e+01
2.362296214000000000e+09,-7.219955851600697372e+01,-6.369238146910872445e+01
2.362302895000000000e+09,-7.240988786918349263e+01,-6.390271082228524335e+01
2.362309577000000000e+09,-7.181570341603455176e+01,-6.330852636913630249e+01
2.362316258000000000e+09,-7.060037327742134039e+01,-6.209319623052309112e+01
2.362322940000000000e+09,-7.141160612381698058e+01,-6.290442907691873131e+01
2.362329621000000000e+09,-7.101021083228783937e+01,-6.250303378538959009e+01
2.362336303000000000e+09,-6.927741564413983610e+01,-6.077023859724158683e+01
2.362342984000000000e+09,-7.224871214539724917e+01,-6.374153509849899990e+01
2.362349666000000000e+09,-7.254493618443757441e+01,-6.403775913753932514e+01
2.362356347000000000e+09,-7.334244974471998546e+01,-6.483527269782173619e+01
2.362363029000000000e+09,-7.309738709783859179e+01,-6.459021005094034251e+01
2.362369710000000000e+09,-7.213322277696953222e+01,-6.362604573007128295e+01
2.362376392000000000e+09,-7.280870518936360725e+01,-6.430152814246535797e+01
2.362383073000000000e+09,-7.160381871442693580e+01,-6.309664166752868653e+01
2.362389755000000000e+09,-7.245253950048760316e+01,-6.394536245358935389e+01
2.362396437000000000e+09,-7.188585876995600188e+01,-6.337868172305775261e+01
2.362403118000000000e+09,-7.193594252150052171e+01,-6.342876547460227243e+01
2.362409800000000000e+09,-7.259801436293872712e+01,-6.409083731604047784e+01
2.362416481000000000e+09,-7.098618161975670660e+01,-6.247900457285845732e+01
2.362423163000000000e+09,-7.151693549486422796e+01,-6.300975844796597869e+01
2.362429844000000000e+09,-7.167579963223518291e+01,-6.316862258533693364e+01
2.362436526000000000e+09,-7.311289247288220849e+01,-6.460571542598395922e+01
2.362443207000000000e+09,-7.320670684409962803e+01,-6.469952979720137876e+01
2.362449889000000000e+09,-7.383890898629627486e+01,-6.533173193939802559e+01
2.362456570000000000e+09,-7.332742699889701044e+01,-6.482024995199876116e+01
2.362463252000000000e+09,-7.206625997528678340e+01,-6.355908292838853413e+01
2.362469933000000000e+09,-7.134773099268285534e+01,-6.284055394578460607e+01
2.362476615000000000e+09,-7.230043460117556720e+01,-6.379325755427731792e+01
2.362483296000000000e+09,-7.188950229926450675e+01,-6.338232525236625747e+01
2.362489978000000000e+09,-7.165575373233927792e+01,-6.314857668544102864e+01
2.362496659000000000e+09,-7.251930151843080807e+01,-6.401212447153255880e+01
2.362503341000000000e+09,-7.237407935366618972e+01,-6.386690230676794044e+01
2.362510022000000000e+09,-7.236975166046887864e+01,-6.386257461357062937e+01
2.362516704000000000e+09,-7.185125337701605019e+01,-6.334407633011780092e+01
2.362523385000000000e+09,-7.336592764715796022e+01,-6.485875060025971095e+01
2.362530067000000000e+09,-7.229688974530752432e+01,-6.378971269840927505e+01
2.362536748000000000e+09,-7.361134926577612703e+01,-6.510417221887787775e+01
2.362543430000000000e+09,-7.284054408394490565e+01,-6.433336703704665638e+01
2.362550111000000000e+09,-7.180041147459098738e+01,-6.329323442769273811e+01
2.362556793000000000e+09,-7.315290839469240325e+01,-6.464573134779415398e+01
2.362563474000000000e+09,-7.183183801162881821e+01,-6.332466096473056894e+01
2.362570156000000000e+09,-7.084570887389797633e+01,-6.233853182699972706e+01
2.362576837000000000e+09,-7.156151260923626012e+01,-6.305433556233801085e+01
2.362583519000000000e+09,-7.379245957885740381e+01,-6.528528253195915454e+01
2.362590200000000000e+09,-7.223896183066538867e+01,-6.373178478376713940e+01
2.362596882000000000e+09,-7.294368060464098846e+01,-6.443650355774273919e+01
2.362603563000000000e+09,-7.189380915807699068e+01,-6.338663211117874141e+01
2.362610245000000000e+09,-7.235302365517996748e+01,-6.384584660828171820e+01
2.362616927000000000e+09,-7.331833532152724331e+01,-6.481115827462899404e+01
2.362623608000000000e+09,-7.125594571231664531e+01,-6.274876866541839604e+01
2.362630290000000000e+09,-7.018225818891421852e+01,-6.167508114201596925e+01
2.362636971000000000e+09,-7.098127845016750825e+01,-6.247410140326925898e+01
2.362643653000000000e+09,-7.136432099856199329e+01,-6.285714395166374402e+01
2.362650334000000000e+09,-7.139134520391462502e+01,-6.288416815701637574e+01
2.362657016000000000e+09,-7.194505896241197718e+01,-6.343788191551372790e+01
2.362663697000000000e+09,-7.261694282610135076e+01,-6.410976577920310149e+01
2.362670379000000000e+09,-7.273189680470987639e+01,-6.422471975781162712e+01
2.362677060000000000e+09,-7.334534078903574539e+01,-6.483816374213749611e+01
2.362683742000000000e+09,-7.438967471156669831e+01,-6.588249766466844903e+01
2.362690423000000000e+09,-7.209889335701998903e+01,-6.359171631012173975e+01
2.362697105000000000e+09,-7.071664151963754819e+01,-6.220946447273929891e+01
2.362703786000000000e+09,-7.044241510521069927e+01,-6.193523805831244999e+01
2.362710468000000000e+09,-7.157430213476047243e+01,-6.306712508786222315e+01
2.362717149000000000e+09,-7.091283280882534257e+01,-6.240565576192709329e+01
2.362723831000000000e+09,-7.037151243997755046e+01,-6.186433539307930118e+01
2.362730512000000000e+09,-7.402424897427709993e+01,-6.551707192737885066e+01
2.362737194000000000e+09,-7.188298395026586718e+01,-6.337580690336761791e+01
2.362743875000000000e+09,-7.167034744418256764e+01,-6.316317039728431837e+01
2.362750557000000000e+09,-7.241688790727512526e+01,-6.390971086037687598e+01
2.362757238000000000e+09,-7.326572991432509241e+01,-6.475855286742684314e+01
2.362763920000000000e+09,-7.434970403285343821e+01,-6.584252698595518893e+01
2.362770601000000000e+09,-7.278530791033966807e+01,-6.427813086344141880e+01
2.362777283000000000e+09,-7.122502088574206880e+01,-6.271784383884381953e+01
2.362783964000000000e+09,-7.119138616906381856e+01,-6.268420912216556928e+01
2.362790646000000000e+09,-7.264321445216268103e+01,-6.413603740526443175e+01
2.362797327000000000e+09,-7.252523388623427536e+01,-6.401805683933602609e+01
2.362804009000000000e+09,-7.221635858982834577e+01,-6.370918154293009650e+01
2.362810690000000000e+09,-7.234434783916981360e+01,-6.383717079227156432e+01
2.362817372000000000e+09,-7.292464440162676453e+01,-6.441746735472851526e+01
2.362824053000000000e+09,-7.262766919647464192e+01,-6.412049214957639265e+01
2.362830735000000000e+09,-7.018035445717390530e+01,-6.167317741027565603e+01
2.362837416000000000e+09,-7.087623374279239385e+01,-6.236905669589414458e+01
2.362844098000000000e+09,-7.105385104868210533e+01,-6.254667400178385606e+01
2.362850780000000000e+09,-7.210790838038965944e+01,-6.360073133349141017e+01
2.362857461000000000e+09,-7.380517781441943725e+01,-6.529800076752118798e+01
2.362864143000000000e+09,-7.267850750339475496e+01,-6.417133045649650569e+01
2.362870824000000000e+09,-7.333299114124102402e+01,-6.482581409434277475e+01
2.362877506000000000e+09,-7.281613422620408471e+01,-6.430895717930583544e+01
2.362884187000000000e+09,-7.253903683139736813e+01,-6.403185978449911886e+01
2.362890869000000000e+09,-7.338230457838911036e+01,-6.487512753149086109e+01
2.362897550000000000e+09,-7.235119498601210353e+01,-6.384401793911385425e+01
2.362904232000000000e+09,-7.077789717580930073e+01,-6.227072012891105146e+01
2.362910913000000000e+09,-7.291708116059336930e+01,-6.440990411369512003e+01
2.362917595000000000e+09,-7.377889280497620916e+01,-6.527171575807795989e+01
2.362924276000000000e+09,-7.260672873889616596e+01,-6.409955169199791669e+01
2.362930958000000000e+09,-7.260184481822469138e+01,-6.409466777132644211e+01
2.362937639000000000e+09,-7.197701224074799597e+01,-6.346983519384974670e+01
2.362944321000000000e+09,-7.266333496958755234e+01,-6.415615792268930306e+01
2.362951002000000000e+09,-7.406264828142641932e+01,-6.555547123452817004e+01
2.362957684000000000e+09,-7.262488187673183404e+01,-6.411770482983358477e+01
2.362964365000000000e+09,-7.066268107461648640e+01,-6.215550402771823713e+01
2.362971047000000000e+09,-7.167297291688258554e+01,-6.316579586998433626e+01
2.362977728000000000e+09,-7.167795709538070525e+01,-6.317078004848245598e+01
2.362984410000000000e+09,-7.192666956382285548e+01,-6.341949251692460621e+01
2.362991091000000000e+09,-7.443276590026304973e+01,-6.592558885336480046e+01
2.362997773000000000e+09,-7.220932518457848914e+01,-6.370214813768023987e+01
2.363004454000000000e+09,-7.152264289285983523e+01,-6.301546584596158596e+01
2.363011136000000000e+09,-7.243168398204164760e+01,-6.392450693514339832e+01
2.363017817000000000e+09,-7.290865787267647136e+01,-6.440148082577822208e+01
2.363024499000000000e+09,-7.399988055805005160e+01,-6.549270351115180233e+01
2.363031180000000000e+09,-7.178468734234108695e+01,-6.327751029544283767e+01
2.363037862000000000e+09,-7.171363729943909959e+01,-6.320646025254085032e+01
2.363044543000000000e+09,-7.195382712594616237e+01,-6.344665007904791310e+01
2.363051225000000000e+09,-7.219441709685378328e+01,-6.368724004995553400e+01
2.363057906000000000e+09,-7.211836378895071675e+01,-6.361118674205246748e+01
2.363064588000000000e+09,-7.145809319319762665e+01,-6.295091614629937737e+01
2.363071269000000000e+09,-7.170334752007572376e+01,-6.319617047317747449e+01
2.363077951000000000e+09,-7.320630388194992122e+01,-6.469912683505167195e+01
2.363084633000000000e+09,-7.367422398460549005e+01,-6.516704693770724077e+01
2.363091314000000000e+09,-7.214980628462333812e+01,-6.364262923772508884e+01
2.363097996000000000e+09,-7.299408838234860752e+01,-6.448691133545035825e+01
2.363104677000000000e+09,-7.287561994924153908e+01,-6.436844290234328980e+01
2.363111359000000000e+09,-7.327747443809370509e+01,-6.477029739119545582e+01
2.363118040000000000e+09,-7.210121866215020248e+01,-6.359404161525195320e+01
2.363124722000000000e+09,-7.258462774669568773e+01,-6.407745069979743846e+01
2.363131403000000000e+09,-7.249532459927807793e+01,-6.398814755237982865e+01
2.363138085000000000e+09,-7.223576131261773980e+01,-6.372858426571949053e+01
2.363144766000000000e+09,-7.358822210625743310e+01,-6.508104505935918382e+01
2.363151448000000000e+09,-7.447502023459188081e+01,-6.596784318769363153e+01
2.363158129000000000e+09,-7.265499741133336897e+01,-6.414782036443511970e+01
2.363164811000000000e+09,-7.145464020440029174e+01,-6.294746315750204246e+01
2.363171492000000000e+09,-6.977102140077752779e+01,-6.126384435387927851e+01
2.363178174000000000e+09,-7.013732411517402454e+01,-6.163014706827577527e+01
2.363184855000000000e+09,-7.320004063492734758e+01,-6.469286358802909831e+01
2.363191537000000000e+09,-7.106285229918648838e+01,-6.255567525228823911e+01
2.363198218000000000e+09,-7.149478159253675358e+01,-6.298760454563850431e+01
2.363204900000000000e+09,-7.234723401370673912e+01,-6.384005696680848985e+01
2.363211581000000000e+09,-7.347468787985502559e+01,-6.496751083295677631e+01
2.363218263000000000e+09,-7.126166027505539091e+01,-6.275448322815714164e+01
2.363224944000000000e+09,-7.190100872765837892e+01,-6.339383168076012964e+01
2.363231626000000000e+09,-7.233964678120881331e+01,-6.383246973431056404e+01
2.363238307000000000e+09,-7.241116025573741410e+01,-6.390398320883916483e+01
2.363244989000000000e+09,-7.145086900266913688e+01,-6.294369195577088760e+01
2.363251670000000000e+09,-7.204393788929506570e+01,-6.353676084239681643e+01
2.363258352000000000e+09,-7.307834396744861749e+01,-6.457116692055036822e+01
2.363265033000000000e+09,-7.302243966429753641e+01,-6.451526261739928714e+01
2.363271715000000000e+09,-7.041709509143110779e+01,-6.190991804453285852e+01
2.363278396000000000e+09,-7.145487563695965605e+01,-6.294769859006140678e+01
2.363285078000000000e+09,-7.234387973995170285e+01,-6.383670269305345357e+01
2.363291759000000000e+09,-7.407856723154543488e+01,-6.557139018464718561e+01
2.363298441000000000e+09,-7.348549647738492752e+01,-6.497831943048667824e+01
2.363305122000000000e+09,-7.266406197598966799e+01,-6.415688492909141871e+01
2.363311804000000000e+09,-7.404881109498610670e+01,-6.554163404808785742e+01
2.363318486000000000e+09,-7.293148139300195965e+01,-6.442430434610371037e+01
2.363325167000000000e+09,-7.267651241737810608e+01,-6.416933537047985681e+01
2.363331849000000000e+09,-7.365417974203894858e+01,-6.514700269514069930e+01
2.363338530000000000e+09,-7.317195384666158020e+01,-6.466477679976333093e+01
2.363345212000000000e+09,-7.203244750078931702e+01,-6.352527045389106775e+01
2.363351893000000000e+09,-7.058558821458845500e+01,-6.207841116769020573e+01
2.363358575000000000e+09,-7.055441548400901297e+01,-6.204723843711076370e+01
2.363365256000000000e+09,-7.362991460403274857e+01,-6.512273755713449930e+01
2.363371938000000000e+09,-7.111085991231146863e+01,-6.260368286541321936e+01
2.363378619000000000e+09,-7.311254842827663936e+01,-6.460537138137839008e+01
2.363385301000000000e+09,-7.257844701252919606e+01,-6.407126996563094679e+01
2.363391982000000000e+09,-7.101692160747842308e+01,-6.250974456058017381e+01
2.363398664000000000e+09,-7.351807225908527244e+01,-6.501089521218702316e+01
2.363405345000000000e+09,-7.265077568968595756e+01,-6.414359864278770829e+01
2.363412027000000000e+09,-7.196131856210466538e+01,-6.345414151520641610e+01
2.363418708000000000e+09,-7.102359682586927647e+01,-6.251641977897102720e+01
2.363425390000000000e+09,-7.229474152939748421e+01,-6.378756448249923494e+01
2.363432071000000000e+09,-7.052807162504778660e+01,-6.202089457814953732e+01
2.363438753000000000e+09,-7.221012531362515574e+01,-6.370294826672690647e+01
2.363445434000000000e+09,-7.288781520486762133e+01,-6.438063815796937206e+01
2.363452116000000000e+09,-7.421236417433624410e+01,-6.570518712743799483e+01
2.363458797000000000e+09,-7.314663043081307592e+01,-6.463945338391482665e+01
2.363465479000000000e+09,-7.404274189383541227e+01,-6.553556484693716300e+01
2.363472160000000000e+09,-7.222069043252778897e+01,-6.371351338562953970e+01
2.363478842000000000e+09,-7.012438298161193018e+01,-6.161720593471368090e+01
2.363485523000000000e+09,-7.055730730395161743e+01,-6.205013025705336815e+01
2.363492205000000000e+09,-7.294174110351013951e+01,-6.443456405661189024e+01
2.363498886000000000e+09,-7.183033396560107064e+01,-6.332315691870282137e+01
2.363505568000000000e+09,-7.165068839116474919e+01,-6.314351134426649992e+01
2.363512249000000000e+09,-7.082277184546967419e+01,-6.231559479857142492e+01
2.363518931000000000e+09,-7.181467997636158884e+01,-6.330750292946333957e+01
2.363525612000000000e+09,-7.151898453163111924e+01,-6.301180748473286997e+01
2.363532294000000000e+09,-7.211334934186967871e+01,-6.360617229497142944e+01
2.363538976000000000e+09,-7.160277030311077340e+01,-6.309559325621252412e+01
2.363545657000000000e+09,-6.991474601608001649e+01,-6.140756896918176722e+01
2.363552339000000000e+09,-7.100997498461073576e+01,-6.250279793771248649e+01
2.363559020000000000e+09,-7.219324882609093663e+01,-6.368607177919268736e+01
2.363565702000000000e+09,-7.118141296423233655e+01,-6.267423591733408728e+01
2.363572383000000000e+09,-7.086093337131300984e+01,-6.235375632441476057e+01
2.363579065000000000e+09,-7.164668274932860470e+01,-6.313950570243035543e+01
2.363585746000000000e+09,-7.252704498193195093e+01,-6.401986793503370166e+01
2.363592428000000000e+09,-7.299300566830285675e+01,-6.448582862140460747e+01
2.363599109000000000e+09,-7.208856204699137038e+01,-6.358138500009312111e+01
2.363605791000000000e+09,-7.262213833727096812e+01,-6.411496129037271885e+01
2.363612472000000000e+09,-7.239313475832568656e+01,-6.388595771142743729e+01
2.363619154000000000e+09,-7.182680538441083229e+01,-6.331962833751258302e+01
2.363625835000000000e+09,-7.230527350540484122e+01,-6.379809645850659194e+01
2.363632517000000000e+09,-7.323299125926203601e+01,-6.472581421236378674e+01
2.363639198000000000e+09,-7.203764183547545485e+01,-6.353046478857720558e+01
2.363645880000000000e+09,-7.164461545061060121e+01,-6.313743840371235194e+01
2.363652561000000000e+09,-7.108357483370680541e+01,-6.257639778680855613e+01
2.363659243000000000e+09,-7.078182690570753266e+01,-6.227464985880928339e+01
2.363665924000000000e+09,-7.273328441246033549e+01,-6.422610736556208622e+01
2.363672606000000000e+09,-7.195137134205185703e+01,-6.344419429515360775e+01
2.363679287000000000e+09,-6.996094862010980364e+01,-6.145377157321155437e+01
2.363685969000000000e+09,-7.208038871832387429e+01,-6.357321167142562501e+01
2.363692650000000000e+09,-7.257204825341685250e+01,-6.406487120651860323e+01
2.363699332000000000e+09,-7.095322958301770200e+01,-6.244605253611945272e+01
2.363706013000000000e+09,-7.306229648040512359e+01,-6.455511943350687432e+01
2.363712695000000000e+09,-7.344071929254559450e+01,-6.493354224564734523e+01
2.363719376000000000e+09,-7.111715420230862605e+01,-6.260997715541037678e+01
2.363726058000000000e+09,-7.172454865946886571e+01,-6.321737161257061643e+01
2.363732739000000000e+09,-7.031007118038746739e+01,-6.180289413348921812e+01
2.363739421000000000e+09,-7.194908181443035744e+01,-6.344190476753210817e+01
2.363746102000000000e+09,-7.293060074455746644e+01,-6.442342369765921717e+01
2.363752784000000000e+09,-7.300351228329287778e+01,-6.449633523639462851e+01
2.363759465000000000e+09,-7.237548051371732072e+01,-6.386830346681907145e+01
2.363766147000000000e+09,-7.188707699770750992e+01,-6.337989995080926064e+01
2.363772829000000000e+09,-7.132571620032052806e+01,-6.281853915342227879e+01
2.363779510000000000e+09,-7.254450141444736744e+01,-6.403732436754911816e+01
2.363786192000000000e+09,-7.214711829180602365e+01,-6.363994124490777438e+01
2.363792873000000000e+09,-7.328150601839794831e+01,-6.477432897149969904e+01
2.363799555000000000e+09,-7.286909348801246722e+01,-6.436191644111421795e+01
2.363806236000000000e+09,-7.331101419167549693e+01,-6.480383714477724766e+01
2.363812918000000000e+09,-7.268907096822101721e+01,-6.418189392132276794e+01
2.363819599000000000e+09,-7.220859439255289658e+01,-6.370141734565464731e+01
2.363826281000000000e+09,-7.338519750726744917e+01,-6.487802046036919990e+01
2.363832962000000000e+09,-7.225599632624121682e+01,-6.374881927934296755e+01
2.363839644000000000e+09,-7.086449005479229868e+01,-6.235731300789404941e+01
2.363846325000000000e+09,-7.138604407994569101e+01,-6.287886703304744174e+01
2.363853007000000000e+09,-7.193264843583457946e+01,-6.342547138893633019e+01
2.363859688000000000e+09,-7.094134851462517588e+01,-6.243417146772692661e+01
2.363866370000000000e+09,-7.114211735191980779e+01,-6.263494030502155852e+01
2.363873051000000000e+09,-7.176365043623657414e+01,-6.325647338933832486e+01
2.363879733000000000e+09,-7.206906671984229718e+01,-6.356188967294404790e+01
2.363886414000000000e+09,-7.129977835168340050e+01,-6.279260130478515123e+01
2.363893096000000000e+09,-7.219871249079621123e+01,-6.369153544389796195e+01
2.363899777000000000e+09,-7.188332229968303011e+01,-6.337614525278478084e+01
2.363906459000000000e+09,-7.178664739365440539e+01,-6.327947034675615612e+01
2.363913140000000000e+09,-7.173517527197432742e+01,-6.322799822507607814e+01
2.363919822000000000e+09,-7.388587651942636114e+01,-6.537869947252811187e+01
2.363926503000000000e+09,-7.255222258074637409e+01,-6.404504553384812482e+01
2.363933185000000000e+09,-7.262440772243996889e+01,-6.411723067554171962e+01
2.363939866000000000e+09,-7.019387297186293040e+01,-6.168669592496468113e+01
2.363946548000000000e+09,-7.389676424000229815e+01,-6.538958719310404888e+01
2.363953229000000000e+09,-7.242190365175639499e+01,-6.391472660485814572e+01
2.363959911000000000e+09,-7.453932885804924524e+01,-6.603215181115099597e+01
2.363966592000000000e+09,-7.408788360623206870e+01,-6.558070655933381943e+01
2.363973274000000000e+09,-7.114308365513471699e+01,-6.263590660823646772e+01
2.363979955000000000e+09,-7.129138188993196934e+01,-6.278420484303372007e+01
2.363986637000000000e+09,-7.139256496331053370e+01,-6.288538791641228443e+01
2.363993318000000000e+09,-7.013723028088135436e+01,-6.163005323398310509e+01
2.364000000000000000e+09,-6.827723149371492184e+01,-5.977005444681667257e+01
2.364006682000000000e+09,-7.309764850410510917e+01,-6.459047145720685990e+01
2.364013363000000000e+09,-7.121669985798816072e+01,-6.270952281108991144e+01
2.364020045000000000e+09,-6.973711744612900532e+01,-6.122994039923075604e+01
2.364026726000000000e+09,-7.189595384058679883e+01,-6.338877679368854956e+01
2.364033408000000000e+09,-7.038292748472738936e+01,-6.187575043782914008e+01
2.364040089000000000e+09,-6.954467992120359554e+01,-6.103750287430534627e+01
2.364046771000000000e+09,-7.042125687134733880e+01,-6.191407982444908953e+01
2.364053452000000000e+09,-7.271097309563636202e+01,-6.420379604873811275e+01
2.364060134000000000e+09,-7.256026432798596204e+01,-6.405308728108771277e+01
2.364066815000000000e+09,-7.109648606249318448e+01,-6.258930901559493520e+01
2.364073497000000000e+09,-7.233180747612296102e+01,-6.382463042922471175e+01
2.364080178000000000e+09,-7.276371204479026744e+01,-6.425653499789201817e+01
2.364086860000000000e+09,-7.271855236329828642e+01,-6.421137531640003715e+01
2.364093541000000000e+09,-7.260890464828507618e+01,-6.410172760138682690e+01
2.364100223000000000e+09,-7.119687917874423988e+01,-6.268970213184599061e+01
2.364106904000000000e+09,-7.213370362253093049e+01,-6.362652657563268122e+01
2.364113586000000000e+09,-7.092720570277502645e+01,-6.242002865587677718e+01
2.364120267000000000e+09,-7.181408513745873279e+01,-6.330690809056048352e+01
2.364126949000000000e+09,-7.195546162206356655e+01,-6.344828457516531728e+01
2.364133630000000000e+09,-7.243366173810588293e+01,-6.392648469120763366e+01
2.364140312000000000e+09,-7.173775195566052787e+01,-6.323057490876227860e+01
2.364146993000000000e+09,-7.044617274727323775e+01,-6.193899570037498847e+01
2.364153675000000000e+09,-7.178909240152974292e+01,-6.328191535463149364e+01
2.364160356000000000e+09,-7.117955896049632258e+01,-6.267238191359807331e+01
2.364167038000000000e+09,-7.281147155662205250e+01,-6.430429450972380323e+01
2.364173719000000000e+09,-7.338276598814495344e+01,-6.487558894124670417e+01
2.364180401000000000e+09,-7.215518688496194954e+01,-6.364800983806370027e+01
2.364187082000000000e+09,-7.037729696179430050e+01,-6.187011991489605123e+01
2.364193764000000000e+09,-7.127234625945314406e+01,-6.276516921255489478e+01
2.364200445000000000e+09,-7.272941315358278302e+01,-6.422223610668453375e+01
2.364207127000000000e+09,-7.419656785821679534e+01,-6.568939081131854607e+01
2.364213808000000000e+09,-7.211072933144039609e+01,-6.360355228454214682e+01
2.364220490000000000e+09,-7.324755824379292335e+01,-6.474038119689467408e+01
2.364227171000000000e+09,-7.161225611840859528e+01,-6.310507907151034601e+01
2.364233853000000000e+09,-7.173163836727604803e+01,-6.322446132037779876e+01
2.364240535000000000e+09,-7.192475222398729784e+01,-6.341757517708904857e+01
2.364247216000000000e+09,-7.351246830512663166e+01,-6.500529125822838239e+01
2.364253898000000000e+09,-7.208547291129667656e+01,-6.357829586439842728e+01
2.364260579000000000e+09,-7.298051074225168122e+01,-6.447333369535343195e+01
2.364267261000000000e+09,-7.227088001046797672e+01,-6.376370296356972744e+01
2.364273942000000000e+09,-7.197445022629794664e+01,-6.346727317939969737e+01
2.364280624000000000e+09,-7.023897224230064751e+01,-6.173179519540239824e+01
2.364287305000000000e+09,-7.139241920360808535e+01,-6.288524215670983608e+01
2.364293987000000000e+09,-7.062105648494744514e+01,-6.211387943804919587e+01
2.364300668000000000e+09,-7.175496802052857959e+01,-6.324779097363033031e+01
2.364307350000000000e+09,-7.181916758552580404e+01,-6.331199053862755477e+01
2.364314031000000000e+09,-7.070746404021755893e+01,-6.220028699331930966e+01
2.364320713000000000e+09,-7.203686940758451840e+01,-6.352969236068626913e+01
2.364327394000000000e+09,-7.300794160801751786e+01,-6.450076456111926859e+01
2.364334076000000000e+09,-7.261897493167447237e+01,-6.411179788477622310e+01
2.364340757000000000e+09,-7.222074179054901322e+01,-6.371356474365076394e+01
2.364347439000000000e+09,-7.023842722699049546e+01,-6.173125018009224618e+01
2.364354120000000000e+09,-7.121536905488616753e+01,-6.270819200798791826e+01
2.364360802000000000e+09,-7.257185966097968333e+01,-6.406468261408143405e+01
2.364367483000000000e+09,-7.214278021519882600e+01,-6.363560316830057673e+01
2.364374165000000000e+09,-7.209660903976221391e+01,-6.358943199286396464e+01
2.364380846000000000e+09,-7.183243174555622090e+01,-6.332525469865797163e+01
2.364387528000000000e+09,-7.245536899461298219e+01,-6.394819194771473292e+01
2.364394209000000000e+09,-7.156108821230323258e+01,-6.305391116540498331e+01
2.364400891000000000e+09,-7.181545119234209551e+01,-6.330827414544384624e+01
2.364407572000000000e+09,-7.345037046317125373e+01,-6.494319341627300446e+01
2.364414254000000000e+09,-7.202112374984270105e+01,-6.351394670294445177e+01
2.364420935000000000e+09,-7.263598434348753585e+01,-6.412880729658928658e+01
2.364427617000000000e+09,-7.175913550157383725e+01,-6.325195845467558797e+01
2.364434298000000000e+09,-7.211610996666118467e+01,-6.360893291976293540e+01
2.364440980000000000e+09,-7.345948433336961614e+01,-6.495230728647136687e+01
2.364447661000000000e+09,-7.252625406010264442e+01,-6.401907701320439514e+01
2.364454343000000000e+09,-7.370526362520993757e+01,-6.519808657831168830e+01
2.364461024000000000e+09,-7.173550251280803991e+01,-6.322832546590979064e+01
2.364467706000000000e+09,-7.250330944608492700e+01,-6.399613239918667773e+01
2.364474388000000000e+09,-7.285391370754865648e+01,-6.434673666065040720e+01
2.364481069000000000e+09,-7.368197563461325217e+01,-6.517479858771500290e+01
2.364487751000000000e+09,-7.054150361457810448e+01,-6.203432656767985520e+01
2.364494432000000000e+09,-7.155862750671914796e+01,-6.305145045982089869e+01
2.364501114000000000e+09,-7.176275994146435266e+01,-6.325558289456610339e+01
2.364507795000000000e+09,-7.298202408491968640e+01,-6.447484703802143713e+01
2.364514477000000000e+09,-7.308366180111698895e+01,-6.457648475421873968e+01
2.364521158000000000e+09,-7.006005723830523380e+01,-6.155288019140698452e+01
2.364527840000000000e+09,-7.075812476913318960e+01,-6.225094772223494033e+01
2.364534521000000000e+09,-7.273054372743702345e+01,-6.422336668053877418e+01
2.364541203000000000e+09,-7.205254529982447309e+01,-6.354536825292622382e+01
2.364547884000000000e+09,-7.281417377068447649e+01,-6.430699672378622722e+01
2.364554566000000000e+09,-7.154579968318728334e+01,-6.303862263628903406e+01
2.364561247000000000e+09,-7.032709420326115435e+01,-6.181991715636290508e+01
2.364567929000000000e+09,-7.044903201841434282e+01,-6.194185497151609354e+01
2.364574610000000000e+09,-7.233789869644293447e+01,-6.383072164954468519e+01
2.364581292000000000e+09,-7.063630446791442807e+01,-6.212912742101617880e+01
2.364587973000000000e+09,-7.058724585055469447e+01,-6.208006880365644520e+01
2.364594655000000000e+09,-7.201453607224289044e+01,-6.350735902534464117e+01
2.364601336000000000e+09,-7.004599649962278818e+01,-6.153881945272453891e+01
2.364608018000000000e+09,-7.086520467621122066e+01,-6.235802762931297138e+01
2.364614699000000000e+09,-7.135673367473962969e+01,-6.284955662784138042e+01
2.364621381000000000e+09,-7.280718427681631510e+01,-6.430000722991806583e+01
2.364628062000000000e+09,-7.265871696646738087e+01,-6.415153991956913160e+01
2.364634744000000000e+09,-6.960213478684133293e+01,-6.109495773994308365e+01
2.364641425000000000e+09,-7.219532305660885640e+01,-6.368814600971060713e+01
2.364648107000000000e+09,-7.212282476793556896e+01,-6.361564772103731968e+01
2.364654788000000000e+09,-7.315752269214644343e+01,-6.465034564524819416e+01
2.364661470000000000e+09,-7.153639944685181717e+01,-6.302922239995356790e+01
2.364668151000000000e+09,-7.225276966876191409e+01,-6.374559262186366482e+01
2.364674833000000000e+09,-7.228125841462849621e+01,-6.377408136773024694e+01
2.364681514000000000e+09,-6.986125309794783789e+01,-6.135407605104958861e+01
2.364688196000000000e+09,-6.979280730439433000e+01,-6.128563025749608073e+01
2.364694878000000000e+09,-7.158695952158140585e+01,-6.307978247468315658e+01
2.364701559000000000e+09,-7.195859413266182969e+01,-6.345141708576358042e+01
2.364708241000000000e+09,-7.365839142036945475e+01,-6.515121437347120548e+01
2.364714922000000000e+09,-7.001555398308624945e+01,-6.150837693618800017e+01
2.364721604000000000e+09,-7.073319958007206765e+01,-6.222602253317381837e+01
2.364728285000000000e+09,-7.191128858515381239e+01,-6.340411153825556312e+01
2.364734967000000000e+09,-7.197288849276903022e+01,-6.346571144587078095e+01
2.364741648000000000e+09,-7.094874940678705855e+01,-6.244157235988880927e+01
2.364748330000000000e+09,-7.350784117022004693e+01,-6.500066412332179766e+01
2.364755011000000000e+09,-7.116733879279691166e+01,-6.266016174589866239e+01
2.364761693000000000e+09,-7.189938675780032895e+01,-6.339220971090207968e+01
2.364768374000000000e+09,-7.136040870888577103e+01,-6.285323166198752176e+01
2.364775056000000000e+09,-7.277125398578024829e+01,-6.426407693888199901e+01
2.364781737000000000e+09,-7.203733920821821357e+01,-6.353016216131996430e+01
2.364788419000000000e+09,-7.185925497131117368e+01,-6.335207792441292440e+01
2.364795100000000000e+09,-7.130395220668147260e+01,-6.279677515978322333e+01
2.364801782000000000e+09,-7.199168007185433282e+01,-6.348450302495608355e+01
2.364808463000000000e+09,-7.291977030645429636e+01,-6.441259325955604709e+01
2.364815145000000000e+09,-7.170847554788775824e+01,-6.320129850098950897e+01
2.364821826000000000e+09,-7.152875713567502203e+01,-6.302158008877677275e+01
2.364828508000000000e+09,-7.362285082014612669e+01,-6.511567377324787742e+01
2.364835189000000000e+09,-7.257684119808469347e+01,-6.406966415118644420e+01
2.364841871000000000e+09,-7.221094763546827267e+01,-6.370377058857002339e+01
2.364848552000000000e+09,-7.205381971831106114e+01,-6.354664267141281186e+01
2.364855234000000000e+09,-7.374990926806070490e+01,-6.524273222116245563e+01
2.364861915000000000e+09,-7.293693376437320808e+01,-6.442975671747495880e+01
2.364868597000000000e+09,-7.227951477587888007e+01,-6.377233772898063080e+01
2.364875278000000000e+09,-7.120606578064683845e+01,-6.269888873374858917e+01
2.364881960000000000e+09,-7.255203324324031655e+01,-6.404485619634206728e+01
2.364888641000000000e+09,-7.127124240037356628e+01,-6.276406535347531701e+01
2.364895323000000000e+09,-7.050277682045705774e+01,-6.199559977355880847e+01
2.364902004000000000e+09,-7.152132065255406701e+01,-6.301414360565581774e+01
2.364908686000000000e+09,-7.188402469566224795e+01,-6.337684764876399868e+01
2.364915367000000000e+09,-7.300550980085587582e+01,-6.449833275395762655e+01
2.364922049000000000e+09,-7.148993857136593988e+01,-6.298276152446769061e+01
2.364928731000000000e+09,-7.050748464465712573e+01,-6.200030759775887645e+01
2.364935412000000000e+09,-7.147312153124492795e+01,-6.296594448434667868e+01
2.364942094000000000e+09,-7.157545349023068582e+01,-6.306827644333243654e+01
2.364948775000000000e+09,-7.160086838214894556e+01,-6.309369133525069628e+01
2.364955457000000000e+09,-7.160552406972175277e+01,-6.309834702282350349e+01
2.364962138000000000e+09,-7.381622145844801253e+01,-6.530904441154976325e+01
2.364968820000000000e+09,-7.153674327351991735e+01,-6.302956622662166808e+01
2.364975501000000000e+09,-7.043224374746783667e+01,-6.192506670056958740e+01
2.364982183000000000e+09,-6.936573230410883184e+01,-6.085855525721058257e+01
2.364988864000000000e+09,-7.070908172471791886e+01,-6.220190467781966959e+01
2.364995546000000000e+09,-7.162642733430278952e+01,-6.311925028740454025e+01
2.365002227000000000e+09,-6.952308326984626774e+01,-6.101590622294801847e+01
2.365008909000000000e+09,-7.005879961217115692e+01,-6.155162256527290765e+01
2.365015590000000000e+09,-7.233300145636695788e+01,-6.382582440946870861e+01
2.365022272000000000e+09,-7.106429179978783850e+01,-6.255711475288958923e+01
2.365028953000000000e+09,-7.146577181094060904e+01,-6.295859476404235977e+01
2.365035635000000000e+09,-7.143865011715028857e+01,-6.293147307025203929e+01
2.365042316000000000e+09,-7.248122697501894152e+01,-6.397404992812069224e+01
2.365048998000000000e+09,-7.047373173559330439e+01,-6.196655468869505512e+01
2.365055679000000000e+09,-7.279075380090164060e+01,-6.428357675400339133e+01
2.365062361000000000e+09,-7.203675514981674155e+01,-6.352957810291849228e+01
2.365069042000000000e+09,-7.189263052586889557e+01,-6.338545347897064630e+01
2.365075724000000000e+09,-7.140779589713883979e+01,-6.290061885024059052e+01
2.365082405000000000e+09,-7.179493420263037251e+01,-6.328775715573212324e+01
2.365089087000000000e+09,-7.254448438144164868e+01,-6.403730733454339941e+01
2.365095768000000000e+09,-7.140412838276701279e+01,-6.289695133586876352e+01
2.365102450000000000e+09,-7.248856579130270461e+01,-6.398138874440445534e+01
2.365109131000000000e+09,-7.282575048255979766e+01,-6.431857343566154839e+01
2.365115813000000000e+09,-7.334007170046164958e+01,-6.483289465356340031e+01
2.365122494000000000e+09,-7.075669304337645826e+01,-6.224951599647820899e+01
2.365129176000000000e+09,-7.133036027810115343e+01,-6.282318323120290415e+01
2.365135857000000000e+09,-7.248013812730495431e+01,-6.397296108040670504e+01
2.365142539000000000e+09,-7.124058242603260283e+01,-6.273340537913435355e+01
2.365149220000000000e+09,-7.087227249026032894e+01,-6.236509544336207966e+01
2.365155902000000000e+09,-7.091051418047848642e+01,-6.240333713358023715e+01
2.365162584000000000e+09,-7.177649163057539283e+01,-6.326931458367714356e+01
2.365169265000000000e+09,-6.873831618287239564e+01,-6.023113913597414637e+01
2.365175947000000000e+09,-6.986721899858251561e+01,-6.136004195168426634e+01
2.365182628000000000e+09,-7.205521805111258971e+01,-6.354804100421434043e+01
2.365189310000000000e+09,-6.939259592451082881e+01,-6.088541887761257954e+01
2.365195991000000000e+09,-6.985342112443312601e+01,-6.134624407753487674e+01
2.365202673000000000e+09,-7.168612423086395324e+01,-6.317894718396570397e+01
2.365209354000000000e+09,-7.065496635639861722e+01,-6.214778930950036795e+01
2.365216036000000000e+09,-7.283279146888047251e+01,-6.432561442198222323e+01
2.365222717000000000e+09,-7.257343157553567892e+01,-6.406625452863742964e+01
2.365229399000000000e+09,-7.163605071020177206e+01,-6.312887366330352279e+01
2.365236080000000000e+09,-7.139303889977506401e+01,-6.288586185287681474e+01
2.365242762000000000e+09,-7.213266913630596378e+01,-6.362549208940771450e+01
2.365249443000000000e+09,-7.035756983412673549e+01,-6.185039278722848621e+01
2.365256125000000000e+09,-7.297373900973654770e+01,-6.446656196283829843e+01
2.365262806000000000e+09,-7.187516827998869928e+01,-6.336799123309045001e+01
2.365269488000000000e+09,-7.106150363038075568e+01,-6.255432658348250641e+01
2.365276169000000000e+09,-7.056137576326850080e+01,-6.205419871637025153e+01
2.365282851000000000e+09,-7.264771300036839818e+01,-6.414053595347014891e+01
2.365289532000000000e+09,-7.093702393818153951e+01,-6.242984689128329023e+01
2.365296214000000000e+09,-7.077939790350421845e+01,-6.227222085660596917e+01
2.365302895000000000e+09,-7.193868080625045991e+01,-6.343150375935221064e+01
2.365309577000000000e+09,-7.151742705023889357e+01,-6.301025000334064430e+01
2.365316258000000000e+09,-7.107211199771288079e+01,-6.256493495081463152e+01
2.365322940000000000e+09,-7.082928287211802854e+01,-6.232210582521977926e+01
2.365329621000000000e+09,-7.160056074061516540e+01,-6.309338369371691613e+01
2.365336303000000000e+09,-7.203379367598887484e+01,-6.352661662909062557e+01
2.365342984000000000e+09,-7.203597825916672548e+01,-6.352880121226847621e+01
2.365349666000000000e+09,-7.181232277037990741e+01,-6.330514572348165814e+01
2.365356347000000000e+09,-7.171173647302086351e+01,-6.320455942612261424e+01
2.365363029000000000e+09,-7.210312097328083780e+01,-6.359594392638258853e+01
2.365369710000000000e+09,-7.214516175641553275e+01,-6.363798470951728348e+01
2.365376392000000000e+09,-7.276520669709128697e+01,-6.425802965019303770e+01
2.365383073000000000e+09,-7.208585706222146428e+01,-6.357868001532321500e+01
2.365389755000000000e+09,-7.288003366858188770e+01,-6.437285662168363842e+01
2.365396437000000000e+09,-7.185703276172087328e+01,-6.334985571482262401e+01
2.365403118000000000e+09,-7.047968476950829597e+01,-6.197250772261004670e+01
2.365409800000000000e+09,-7.172814290578061502e+01,-6.322096585888236575e+01
2.365416481000000000e+09,-7.283917604455139383e+01,-6.433199899765314456e+01
2.365423163000000000e+09,-7.229447907411200447e+01,-6.378730202721375520e+01
2.365429844000000000e+09,-7.031999301001167169e+01,-6.181281596311342241e+01
2.365436526000000000e+09,-7.104151924653120886e+01,-6.253434219963295959e+01
2.365443207000000000e+09,-7.143222686459051829e+01,-6.292504981769226902e+01
2.365449889000000000e+09,-7.126573112263641008e+01,-6.275855407573816080e+01
2.365456570000000000e+09,-7.109024435054296021e+01,-6.258306730364471093e+01
2.365463252000000000e+09,-6.990063796073144431e+01,-6.139346091383319504e+01
2.365469933000000000e+09,-7.003616496672732694e+01,-6.152898791982907767e+01
2.365476615000000000e+09,-6.842864678643090315e+01,-5.992146973953265388e+01
2.365483296000000000e+09,-6.885881181837638110e+01,-6.035163477147813182e+01
2.365489978000000000e+09,-7.129580742389799752e+01,-6.278863037699974825e+01
2.365496659000000000e+09,-7.152509759234690989e+01,-6.301792054544866062e+01
2.365503341000000000e+09,-7.000316028235447163e+01,-6.149598323545622236e+01
2.365510022000000000e+09,-7.034612292651627286e+01,-6.183894587961802358e+01
2.365516704000000000e+09,-7.076319855513139601e+01,-6.225602150823314673e+01
2.365523385000000000e+09,-7.135245383449159817e+01,-6.284527678759334890e+01
2.365530067000000000e+09,-7.150387275726293979e+01,-6.299669571036469051e+01
2.365536748000000000e+09,-7.088223746029795791e+01,-6.237506041339970864e+01
2.365543430000000000e+09,-7.132758428563408870e+01,-6.282040723873583943e+01
2.365550111000000000e+09,-7.003027989887216620e+01,-6.152310285197391693e+01
2.365556793000000000e+09,-7.043788492823561853e+01,-6.193070788133736926e+01
2.365563474000000000e+09,-7.095061011594542322e+01,-6.244343306904717394e+01
2.365570156000000000e+09,-7.116148388486681142e+01,-6.265430683796856215e+01
2.365576837000000000e+09,-7.083194550962151936e+01,-6.232476846272327009e+01
2.365583519000000000e+09,-7.129331584434088143e+01,-6.278613879744263215e+01
2.365590200000000000e+09,-7.173520808654694747e+01,-6.322803103964869820e+01
2.365596882000000000e+09,-7.202075369428288809e+01,-6.351357664738463882e+01
2.365603563000000000e+09,-7.230539060251628314e+01,-6.379821355561803387e+01
2.365610245000000000e+09,-7.248314046237453567e+01,-6.397596341547628640e+01
2.365616927000000000e+09,-7.214386958802310801e+01,-6.363669254112485874e+01
2.365623608000000000e+09,-7.002068081383914944e+01,-6.151350376694090016e+01
2.365630290000000000e+09,-7.074560453993770182e+01,-6.223842749303945254e+01
2.365636971000000000e+09,-7.053590115672186300e+01,-6.202872410982361373e+01
2.365643653000000000e+09,-7.076762975424193769e+01,-6.226045270734368842e+01
2.365650334000000000e+09,-6.934387780785995403e+01,-6.083670076096170476e+01
2.365657016000000000e+09,-6.984008035139929405e+01,-6.133290330450104477e+01
2.365663697000000000e+09,-7.114064807911221067e+01,-6.263347103221396139e+01
2.365670379000000000e+09,-6.967643717646379287e+01,-6.116926012956554359e+01
2.365677060000000000e+09,-7.076328306829009307e+01,-6.225610602139184380e+01
2.365683742000000000e+09,-7.127447272829815006e+01,-6.276729568139990079e+01
2.365690423000000000e+09,-7.039414572593759090e+01,-6.188696867903934162e+01
2.365697105000000000e+09,-7.001462017382016256e+01,-6.150744312692191329e+01
2.365703786000000000e+09,-7.116633610991064529e+01,-6.265915906301239602e+01
2.365710468000000000e+09,-7.159945562590701229e+01,-6.309227857900876302e+01
2.365717149000000000e+09,-7.059028237376702464e+01,-6.208310532686877536e+01
2.365723831000000000e+09,-7.030750190673799693e+01,-6.180032485983974766e+01
2.365730512000000000e+09,-7.151628100125006426e+01,-6.300910395435181499e+01
2.365737194000000000e+09,-6.944808038465251343e+01,-6.094090333775426416e+01
2.365743875000000000e+09,-7.057245693543409004e+01,-6.206527988853584077e+01
2.365750557000000000e+09,-7.030982584154705251e+01,-6.180264879464880323e+01
2.365757238000000000e+09,-7.118103440682354233e+01,-6.267385735992529305e+01
2.365763920000000000e+09,-6.987059608102350694e+01,-6.136341903412525767e+01
2.365770601000000000e+09,-7.001674003832076210e+01,-6.150956299142251282e+01
2.365777283000000000e+09,-7.119129389498070282e+01,-6.268411684808245354e+01
2.365783964000000000e+09,-7.049794321530609409e+01,-6.199076616840784482e+01
2.365790646000000000e+09,-6.892326271616312283e+01,-6.041608566926487356e+01
2.365797327000000000e+09,-7.175332994812075071e+01,-6.324615290122250144e+01
2.365804009000000000e+09,-6.941524125458036565e+01,-6.090806420768211638e+01
2.365810690000000000e+09,-6.860532597467694416e+01,-6.009814892777869488e+01
2.365817372000000000e+09,-6.944926398977973747e+01,-6.094208694288148820e+01
2.365824053000000000e+09,-6.880849448689455983e+01,-6.030131743999631055e+01
2.365830735000000000e+09,-7.014489871922832265e+01,-6.163772167233007337e+01
2.365837416000000000e+09,-7.088484371620626234e+01,-6.237766666930801307e+01
2.365844098000000000e+09,-6.855639592368815727e+01,-6.004921887678990799e+01
2.365850780000000000e+09,-7.232839097690767005e+01,-6.382121393000942078e+01
2.365857461000000000e+09,-7.015877676795602724e+01,-6.165159972105777797e+01
2.365864143000000000e+09,-6.943178467617813965e+01,-6.092460762927989038e+01
2.365870824000000000e+09,-7.100896865542252101e+01,-6.250179160852427174e+01
2.365877506000000000e+09,-7.252268651623435858e+01,-6.401550946933610931e+01
2.365884187000000000e+09,-6.994622535656341711e+01,-6.143904830966516784e+01
2.365890869000000000e+09,-7.034804647738096151e+01,-6.184086943048271223e+01
2.365897550000000000e+09,-7.144853188952458822e+01,-6.294135484262633895e+01
2.365904232000000000e+09,-6.903523796247557698e+01,-6.052806091557732771e+01
2.365910913000000000e+09,-7.067642272831142236e+01,-6.216924568141317309e+01
2.365917595000000000e+09,-6.980362733512333762e+01,-6.129645028822508834e+01
2.365924276000000000e+09,-6.927171177701420390e+01,-6.076453473011595463e+01
2.365930958000000000e+09,-6.976081307636903261e+01,-6.125363602947078334e+01
2.365937639000000000e+09,-7.170895419995511588e+01,-6.320177715305686661e+01
2.365944321000000000e+09,-7.124431948031518402e+01,-6.273714243341693475e+01
2.365951002000000000e+09,-7.166900643595556630e+01,-6.316182938905731703e+01
2.365957684000000000e+09,-7.077872291523789272e+01,-6.227154586833964345e+01
2.365964365000000000e+09,-7.182013228066375632e+01,-6.331295523376550705e+01
2.365971047000000000e+09,-7.029733788368862690e+01,-6.179016083679037763e+01
2.365977728000000000e+09,-6.863978125187719570e+01,-6.013260420497894643e+01
2.365984410000000000e+09,-6.923979512751954246e+01,-6.073261808062129319e+01
2.365991091000000000e+09,-6.827376933515981250e+01,-5.976659228826156323e+01
2.365997773000000000e+09,-7.044929306164388549e+01,-6.194211601474563622e+01
2.366004454000000000e+09,-6.842636209067916297e+01,-5.991918504378091370e+01
2.366011136000000000e+09,-7.034838034273656149e+01,-6.184120329583831221e+01
2.366017817000000000e+09,-7.045843618205360315e+01,-6.195125913515535387e+01
2.366024499000000000e+09,-6.928364877355633666e+01,-6.077647172665808739e+01
2.366031180000000000e+09,-7.098052194951380045e+01,-6.247334490261555118e+01
2.366037862000000000e+09,-7.032470393188876301e+01,-6.181752688499051374e+01
2.366044543000000000e+09,-7.303200274909431755e+01,-6.452482570219606828e+01
2.366051225000000000e+09,-7.151354209181916133e+01,-6.300636504492091206e+01
2.366057906000000000e+09,-6.992028530756888927e+01,-6.141310826067063999e+01
2.366064588000000000e+09,-7.027366194431392898e+01,-6.176648489741567971e+01
2.366071269000000000e+09,-6.896801747899897350e+01,-6.046084043210072423e+01
2.366077951000000000e+09,-6.971870097190402760e+01,-6.121152392500577832e+01
2.366084633000000000e+09,-7.060705686396687497e+01,-6.209987981706862570e+01
2.366091314000000000e+09,-6.915063915361440650e+01,-6.064346210671615722e+01
2.366097996000000000e+09,-6.927297385296834875e+01,-6.076579680607009948e+01
2.366104677000000000e+09,-6.867841948950963626e+01,-6.017124244261138699e+01
2.366111359000000000e+09,-7.164204559335851741e+01,-6.313486854646026813e+01
2.366118040000000000e+09,-7.156016092026577269e+01,-6.305298387336752342e+01
2.366124722000000000e+09,-6.955285229443998674e+01,-6.104567524754173746e+01
2.366131403000000000e+09,-7.011844306284081085e+01,-6.161126601594256158e+01
2.366138085000000000e+09,-6.926457035989436406e+01,-6.075739331299611479e+01
2.366144766000000000e+09,-6.883756162257648725e+01,-6.033038457567823798e+01
2.366151448000000000e+09,-6.986497150310859183e+01,-6.135779445621034256e+01
2.366158129000000000e+09,-6.883875829976310001e+01,-6.033158125286485074e+01
2.366164811000000000e+09,-7.087806968950620501e+01,-6.237089264260795574e+01
2.366171492000000000e+09,-7.055079944318792684e+01,-6.204362239628967757e+01
2.366178174000000000e+09,-7.280331708189808637e+01,-6.429614003499983710e+01
2.366184855000000000e+09,-7.049508899791602801e+01,-6.198791195101777873e+01
2.366191537000000000e+09,-7.024218436122170317e+01,-6.173500731432345390e+01
2.366198218000000000e+09,-7.083409760933554367e+01,-6.232692056243729439e+01
2.366204900000000000e+09,-6.942288640145807221e+01,-6.091570935455982294e+01
2.366211581000000000e+09,-7.071974729635626034e+01,-6.221257024945801106e+01
2.366218263000000000e+09,-7.141287221941301766e+01,-6.290569517251476839e+01
2.366224944000000000e+09,-7.029350084970165824e+01,-6.178632380280340897e+01
2.366231626000000000e+09,-7.116930573881957400e+01,-6.266212869192132473e+01
2.366238307000000000e+09,-7.151200442576893579e+01,-6.300482737887068652e+01
2.366244989000000000e+09,-7.057704416432858352e+01,-6.206986711743033425e+01
2.366251670000000000e+09,-6.875862805211389173e+01,-6.025145100521564245e+01
2.366258352000000000e+09,-7.072976882675726529e+01,-6.222259177985901601e+01
2.366265033000000000e+09,-7.029050678104216843e+01,-6.178332973414391915e+01
2.366271715000000000e+09,-6.943440531927389259e+01,-6.092722827237564331e+01
2.366278396000000000e+09,-6.835848764196748562e+01,-5.985131059506923634e+01
2.366285078000000000e+09,-6.913710155999920914e+01,-6.062992451310095987e+01
2.366291759000000000e+09,-6.695683354416046029e+01,-5.844965649726221102e+01
2.366298441000000000e+09,-6.906407054469477202e+01,-6.055689349779652275e+01
2.366305122000000000e+09,-6.968615495523363279e+01,-6.117897790833538352e+01
2.366311804000000000e+09,-6.871470316917309162e+01,-6.020752612227484235e+01
2.366318486000000000e+09,-6.920519721194327190e+01,-6.069802016504502262e+01
2.366325167000000000e+09,-7.063661917632981613e+01,-6.212944212943156685e+01
2.366331849000000000e+09,-7.139542223687092815e+01,-6.288824518997267887e+01
2.366338530000000000e+09,-7.267855364991513056e+01,-6.417137660301688129e+01
2.366345212000000000e+09,-6.879942924370746482e+01,-6.029225219680921555e+01
2.366351893000000000e+09,-7.052870857761269008e+01,-6.202153153071444081e+01
2.366358575000000000e+09,-7.014192600334537531e+01,-6.163474895644712603e+01
2.366365256000000000e+09,-6.949318879118197856e+01,-6.098601174428372929e+01
2.366371938000000000e+09,-6.888375116606225390e+01,-6.037657411916400463e+01
2.366378619000000000e+09,-6.966729592279253325e+01,-6.116011887589428397e+01
2.366385301000000000e+09,-7.074229752802311566e+01,-6.223512048112486639e+01
2.366391982000000000e+09,-7.173291614810699457e+01,-6.322573910120874530e+01
2.366398664000000000e+09,-6.939902017166700432e+01,-6.089184312476875505e+01
2.366405345000000000e+09,-7.128160818801988796e+01,-6.277443114112163869e+01
2.366412027000000000e+09,-7.073960014332256208e+01,-6.223242309642431280e+01
2.366418708000000000e+09,-6.961921351299578475e+01,-6.111203646609753548e+01
2.366425390000000000e+09,-7.086332667493525150e+01,-6.235614962803700223e+01
2.366432071000000000e+09,-6.933896737877293504e+01,-6.083179033187468576e+01
2.366438753000000000e+09,-7.107719476311753226e+01,-6.257001771621928299e+01
2.366445434000000000e+09,-6.884691700025518912e+01,-6.033973995335693985e+01
2.366452116000000000e+09,-7.200718093664521291e+01,-6.350000388974696364e+01
2.366458797000000000e+09,-7.100181281945118883e+01,-6.249463577255293956e+01
2.366465479000000000e+09,-6.745411775923724917e+01,-5.894694071233899990e+01
2.366472160000000000e+09,-6.947252313750514929e+01,-6.096534609060690002e+01
2.366478842000000000e+09,-6.992331013352543323e+01,-6.141613308662718396e+01
2.366485523000000000e+09,-6.918824584259543542e+01,-6.068106879569718615e+01
2.366492205000000000e+09,-6.972263006380201489e+01,-6.121545301690376562e+01
2.366498886000000000e+09,-7.191092138974116210e+01,-6.340374434284291283e+01
2.366505568000000000e+09,-7.014102052681150212e+01,-6.163384347991325285e+01
2.366512249000000000e+09,-7.035056363722057426e+01,-6.184338659032232499e+01
2.366518931000000000e+09,-6.968700109328908354e+01,-6.117982404639083427e+01
2.366525612000000000e+09,-6.922218156163260971e+01,-6.071500451473436044e+01
2.366532294000000000e+09,-6.797606544288603914e+01,-5.946888839598778986e+01
2.366538976000000000e+09,-6.991189733514391946e+01,-6.140472028824567019e+01
2.366545657000000000e+09,-6.975824403561931319e+01,-6.125106698872106392e+01
2.366552339000000000e+09,-6.935433407480984158e+01,-6.084715702791159231e+01
2.366559020000000000e+09,-7.008314139102967033e+01,-6.157596434413142106e+01
2.366565702000000000e+09,-7.032824284166881057e+01,-6.182106579477056130e+01
2.366572383000000000e+09,-7.133265826957794786e+01,-6.282548122267969859e+01
2.366579065000000000e+09,-7.031091853777664369e+01,-6.180374149087839442e+01
2.366585746000000000e+09,-7.118856434129382649e+01,-6.268138729439557721e+01
2.366592428000000000e+09,-7.119116770381913284e+01,-6.268399065692088357e+01
2.366599109000000000e+09,-7.064401591953154025e+01,-6.213683887263329098e+01
2.366605791000000000e+09,-6.934718472866562422e+01,-6.084000768176737495e+01
2.366612472000000000e+09,-7.085998128420308717e+01,-6.235280423730483790e+01
2.366619154000000000e+09,-7.198546031154167224e+01,-6.347828326464342297e+01
2.366625835000000000e+09,-7.008582953524849302e+01,-6.157865248835024374e+01
2.366632517000000000e+09,-6.817860561642460482e+01,-5.967142856952635555e+01
2.366639198000000000e+09,-7.066653838576569058e+01,-6.215936133886744130e+01
2.366645880000000000e+09,-7.024472330785326335e+01,-6.173754626095501408e+01
2.366652561000000000e+09,-6.795901781362380234e+01,-5.945184076672555307e+01
2.366659243000000000e+09,-7.038022433531929778e+01,-6.187304728842104851e+01
2.366665924000000000e+09,-7.040045417005144657e+01,-6.189327712315319729e+01
2.366672606000000000e+09,-7.142168445623651962e+01,-6.291450740933827035e+01
2.366679287000000000e+09,-6.919950275793232208e+01,-6.069232571103407281e+01
2.366685969000000000e+09,-6.942120579955188475e+01,-6.091402875265363548e+01
2.366692650000000000e+09,-7.071727126872912095e+01,-6.221009422183087167e+01
2.366699332000000000e+09,-6.889749916803222618e+01,-6.039032212113397691e+01
2.366706013000000000e+09,-6.742683316031043717e+01,-5.891965611341218789e+01
2.366712695000000000e+09,-7.032438674025398484e+01,-6.181720969335573557e+01
2.366719376000000000e+09,-7.023520666529050516e+01,-6.172802961839225588e+01
2.366726058000000000e+09,-6.941051398035868658e+01,-6.090333693346043731e+01
2.366732739000000000e+09,-6.853596529051796438e+01,-6.002878824361971510e+01
2.366739421000000000e+09,-6.657037059607552010e+01,-5.806319354917727082e+01
2.366746102000000000e+09,-7.004997425571082204e+01,-6.154279720881257276e+01
2.366752784000000000e+09,-6.821927323497982343e+01,-5.971209618808157416e+01
2.366759465000000000e+09,-6.992464227904342522e+01,-6.141746523214517595e+01
2.366766147000000000e+09,-6.739150601644612948e+01,-5.888432896954788021e+01
2.366772829000000000e+09,-6.774571902828709824e+01,-5.923854198138884897e+01
2.366779510000000000e+09,-6.738064618632152758e+01,-5.887346913942327831e+01
2.366786192000000000e+09,-6.845827436083568784e+01,-5.995109731393743857e+01
2.366792873000000000e+09,-7.109506278631957343e+01,-6.258788573942132416e+01
2.366799555000000000e+09,-6.899303999445599800e+01,-6.048586294755774873e+01
2.366806236000000000e+09,-7.082919804958962118e+01,-6.232202100269137190e+01
2.366812918000000000e+09,-7.206181928488433641e+01,-6.355464223798608714e+01
2.366819599000000000e+09,-6.969081113793683357e+01,-6.118363409103858430e+01
2.366826281000000000e+09,-6.971505337676263991e+01,-6.120787632986439064e+01
2.366832962000000000e+09,-6.867426346473168053e+01,-6.016708641783343126e+01
2.366839644000000000e+09,-7.006243181845815116e+01,-6.155525477155990188e+01
2.366846325000000000e+09,-7.013191167575718055e+01,-6.162473462885893127e+01
2.366853007000000000e+09,-6.958084059512826514e+01,-6.107366354823001586e+01
2.366859688000000000e+09,-7.187411628572853317e+01,-6.336693923883028390e+01
2.366866370000000000e+09,-7.338641066841161376e+01,-6.487923362151336448e+01
2.366873051000000000e+09,-7.117608749805347657e+01,-6.266891045115522729e+01
2.366879733000000000e+09,-7.014078147915883221e+01,-6.163360443226058294e+01
2.366886414000000000e+09,-7.074471016501550480e+01,-6.223753311811725553e+01
2.366893096000000000e+09,-7.055389445371255874e+01,-6.204671740681430947e+01
2.366899777000000000e+09,-6.832724746978468033e+01,-5.982007042288643106e+01
2.366906459000000000e+09,-7.079691542647952929e+01,-6.228973837958128001e+01
2.366913140000000000e+09,-7.093181179051113361e+01,-6.242463474361288434e+01
2.366919822000000000e+09,-7.003543148996431000e+01,-6.152825444306606073e+01
2.366926503000000000e+09,-7.070715503952449410e+01,-6.219997799262624483e+01
2.366933185000000000e+09,-6.925059499351232262e+01,-6.074341794661407334e+01
2.366939866000000000e+09,-6.839359219067657136e+01,-5.988641514377832209e+01
2.366946548000000000e+09,-6.923127387869713800e+01,-6.072409683179888873e+01
2.366953229000000000e+09,-6.846880163050141732e+01,-5.996162458360316805e+01
2.366959911000000000e+09,-6.827936235848110869e+01,-5.977218531158285941e+01
2.366966592000000000e+09,-7.025497604426858800e+01,-6.174779899737033872e+01
2.366973274000000000e+09,-6.987129551305757502e+01,-6.136411846615932575e+01
2.366979955000000000e+09,-6.754035627461126978e+01,-5.903317922771302051e+01
2.366986637000000000e+09,-6.764748997316300461e+01,-5.914031292626475533e+01
2.366993318000000000e+09,-6.807602483009591765e+01,-5.956884778319766838e+01
2.367000000000000000e+09,-6.816876401157199439e+01,-5.966158696467374511e+01
2.367006682000000000e+09,-6.893651350944898581e+01,-6.042933646255073654e+01
2.367013363000000000e+09,-7.077390083189156655e+01,-6.226672378499331728e+01
2.367020045000000000e+09,-7.020971492128295210e+01,-6.170253787438470283e+01
2.367026726000000000e+09,-7.041452673342544699e+01,-6.190734968652719772e+01
2.367033408000000000e+09,-6.782410282829293635e+01,-5.931692578139468708e+01
2.367040089000000000e+09,-6.806190910591016063e+01,-5.955473205901191136e+01
2.367046771000000000e+09,-6.983900248380869868e+01,-6.133182543691044941e+01
2.367053452000000000e+09,-6.759186638938950864e+01,-5.908468934249125937e+01
2.367060134000000000e+09,-6.869690378074467674e+01,-6.018972673384642746e+01
2.367066815000000000e+09,-7.119318493254624514e+01,-6.268600788564799586e+01
2.367073497000000000e+09,-7.154910205041703364e+01,-6.304192500351878437e+01
2.367080178000000000e+09,-7.084176845122006227e+01,-6.233459140432181300e+01
2.367086860000000000e+09,-6.942959443877812475e+01,-6.092241739187987548e+01
2.367093541000000000e+09,-7.257928931258176419e+01,-6.407211226568351492e+01
2.367100223000000000e+09,-7.168791869335400690e+01,-6.318074164645575763e+01
2.367106904000000000e+09,-7.257742273369113661e+01,-6.407024568679288734e+01
2.367113586000000000e+09,-6.988284188853995715e+01,-6.137566484164170788e+01
2.367120267000000000e+09,-6.835476854862785956e+01,-5.984759150172961029e+01
2.367126949000000000e+09,-6.967773816282362986e+01,-6.117056111592538059e+01
2.367133630000000000e+09,-6.952489113517427199e+01,-6.101771408827602272e+01
2.367140312000000000e+09,-7.155226718935347208e+01,-6.304509014245522280e+01
2.367146993000000000e+09,-7.054592597197401460e+01,-6.203874892507576533e+01
2.367153675000000000e+09,-7.189128971037530391e+01,-6.338411266347705464e+01
2.367160356000000000e+09,-6.870008510750162145e+01,-6.019290806060337218e+01
2.367167038000000000e+09,-7.065047448149999809e+01,-6.214329743460174882e+01
2.367173719000000000e+09,-6.980472825809769688e+01,-6.129755121119944761e+01
2.367180401000000000e+09,-7.010606730025772038e+01,-6.159889025335947110e+01
2.367187082000000000e+09,-7.112437081829222052e+01,-6.261719377139397125e+01
2.367193764000000000e+09,-6.872520955281382271e+01,-6.021803250591557344e+01
2.367200445000000000e+09,-7.030749721527564589e+01,-6.180032016837739661e+01
2.367207127000000000e+09,-6.975588483824265040e+01,-6.124870779134440113e+01
2.367213808000000000e+09,-6.846873888247169759e+01,-5.996156183557344832e+01
2.367220490000000000e+09,-7.135645854318991610e+01,-6.284928149629166683e+01
2.367227171000000000e+09,-6.934302426744862657e+01,-6.083584722055037730e+01
2.367233853000000000e+09,-7.004014600042320637e+01,-6.153296895352495710e+01
2.367240535000000000e+09,-6.771535521023221804e+01,-5.920817816333396877e+01
2.367247216000000000e+09,-6.808135099928668410e+01,-5.957417395238843483e+01
2.367253898000000000e+09,-6.816464971288685604e+01,-5.965747266598860676e+01
2.367260579000000000e+09,-6.656584702429708500e+01,-5.805866997739883573e+01
2.367267261000000000e+09,-6.857212221827259668e+01,-6.006494517137434741e+01
2.367273942000000000e+09,-6.859222999244393293e+01,-6.008505294554568366e+01
2.367280624000000000e+09,-6.801371193284555261e+01,-5.950653488594730334e+01
2.367287305000000000e+09,-6.778165003127863031e+01,-5.927447298438038104e+01
2.367293987000000000e+09,-6.923302347610555785e+01,-6.072584642920730857e+01
2.367300668000000000e+09,-6.969826980900295155e+01,-6.119109276210470227e+01
2.367307350000000000e+09,-6.997729149004470628e+01,-6.147011444314645701e+01
2.367314031000000000e+09,-6.976679056958413128e+01,-6.125961352268588200e+01
2.367320713000000000e+09,-7.015646764048381101e+01,-6.164929059358556174e+01
2.367327394000000000e+09,-6.837859983592004198e+01,-5.987142278902179271e+01
2.367334076000000000e+09,-6.792409834875725494e+01,-5.941692130185900567e+01
2.367340757000000000e+09,-6.852791682857684918e+01,-6.002073978167859991e+01
2.367347439000000000e+09,-7.064760624265576894e+01,-6.214042919575751966e+01
2.367354120000000000e+09,-6.846551155416122469e+01,-5.995833450726297542e+01
2.367360802000000000e+09,-6.793748374371566001e+01,-5.943030669681741074e+01
2.367367483000000000e+09,-6.859203667546721306e+01,-6.008485962856896379e+01
2.367374165000000000e+09,-6.918182816385881040e+01,-6.067465111696056113e+01
2.367380846000000000e+09,-6.813476456474288057e+01,-5.962758751784463129e+01
2.367387528000000000e+09,-6.805237959009294002e+01,-5.954520254319469075e+01
2.367394209000000000e+09,-6.676610460966475102e+01,-5.825892756276650175e+01
2.367400891000000000e+09,-6.757436690382033362e+01,-5.906718985692208435e+01
2.367407572000000000e+09,-6.937698503142081563e+01,-6.086980798452256636e+01
2.367414254000000000e+09,-7.025175618044369230e+01,-6.174457913354544303e+01
2.367420935000000000e+09,-6.867505773412261760e+01,-6.016788068722436833e+01
2.367427617000000000e+09,-6.810128386759475916e+01,-5.959410682069650989e+01
2.367434298000000000e+09,-6.941862157125592603e+01,-6.091144452435767676e+01
2.367440980000000000e+09,-6.801328089579727987e+01,-5.950610384889903060e+01
2.367447661000000000e+09,-6.775704662107558818e+01,-5.924986957417733890e+01
2.367454343000000000e+09,-6.851378842878018816e+01,-6.000661138188193888e+01
2.367461024000000000e+09,-6.770155944145605531e+01,-5.919438239455780604e+01
2.367467706000000000e+09,-6.986898577098573071e+01,-6.136180872408748144e+01
2.367474388000000000e+09,-7.126156661790605540e+01,-6.275438957100780613e+01
2.367481069000000000e+09,-6.852698851616591469e+01,-6.001981146926766542e+01
2.367487751000000000e+09,-6.867036816908610319e+01,-6.016319112218785392e+01
2.367494432000000000e+09,-7.000451186627073241e+01,-6.149733481937248314e+01
2.367501114000000000e+09,-6.876215011669751220e+01,-6.025497306979926293e+01
2.367507795000000000e+09,-7.093035785850796060e+01,-6.242318081160971133e+01
2.367514477000000000e+09,-6.828323396979301663e+01,-5.977605692289476735e+01
2.367521158000000000e+09,-6.750433486725931687e+01,-5.899715782036106759e+01
2.367527840000000000e+09,-6.781513375374539976e+01,-5.930795670684715049e+01
2.367534521000000000e+09,-6.939704450721266937e+01,-6.088986746031442010e+01
2.367541203000000000e+09,-6.907668194061862721e+01,-6.056950489372037794e+01
2.367547884000000000e+09,-6.790601409202317029e+01,-5.939883704512492102e+01
2.367554566000000000e+09,-6.729503513277916227e+01,-5.878785808588091299e+01
2.367561247000000000e+09,-6.784361634574329969e+01,-5.933643929884505042e+01
2.367567929000000000e+09,-6.805311001337952348e+01,-5.954593296648127421e+01
2.367574610000000000e+09,-6.853751465099794871e+01,-6.003033760409969943e+01
2.367581292000000000e+09,-6.917965836305667438e+01,-6.067248131615842510e+01
2.367587973000000000e+09,-7.030547812839456867e+01,-6.179830108149631940e+01
2.367594655000000000e+09,-6.921480210660132570e+01,-6.070762505970307643e+01
2.367601336000000000e+09,-6.617125175353319833e+01,-5.766407470663494905e+01
2.367608018000000000e+09,-6.571429978649034354e+01,-5.720712273959209426e+01
2.367614699000000000e+09,-6.747544764133927231e+01,-5.896827059444102304e+01
2.367621381000000000e+09,-6.984955847643712445e+01,-6.134238142953887518e+01
2.367628062000000000e+09,-7.043593352136690555e+01,-6.192875647446865628e+01
2.367634744000000000e+09,-7.048376130570173359e+01,-6.197658425880348432e+01
2.367641425000000000e+09,-6.872436504351311726e+01,-6.021718799661486798e+01
2.367648107000000000e+09,-6.817115685371601330e+01,-5.966397980681776403e+01
2.367654788000000000e+09,-7.098980778819489501e+01,-6.248263074129664574e+01
2.367661470000000000e+09,-6.946091931532457409e+01,-6.095374226842632481e+01
2.367668151000000000e+09,-7.055056480290447496e+01,-6.204338775600622569e+01
2.367674833000000000e+09,-6.947272455484028342e+01,-6.096554750794203414e+01
2.367681514000000000e+09,-7.090475402132743454e+01,-6.239757697442918527e+01
2.367688196000000000e+09,-7.007348646490086708e+01,-6.156630941800261780e+01
2.367694878000000000e+09,-6.826846118006312736e+01,-5.976128413316487809e+01
2.367701559000000000e+09,-6.959103629611465180e+01,-6.108385924921640253e+01
2.367708241000000000e+09,-7.029915862681549754e+01,-6.179198157991724827e+01
2.367714922000000000e+09,-7.012546794549808737e+01,-6.161829089859983810e+01
2.367721604000000000e+09,-6.802874810227349656e+01,-5.952157105537524728e+01
2.367728285000000000e+09,-6.686652587596233843e+01,-5.835934882906408916e+01
2.367734967000000000e+09,-6.848352573533689736e+01,-5.997634868843864808e+01
2.367741648000000000e+09,-6.770914528170854396e+01,-5.920196823481029469e+01
2.367748330000000000e+09,-6.742370840357631323e+01,-5.891653135667806396e+01
2.367755011000000000e+09,-6.540209143909643785e+01,-5.689491439219818858e+01
2.367761693000000000e+09,-6.784321412843836185e+01,-5.933603708154011258e+01
2.367768374000000000e+09,-7.016657839342379077e+01,-6.165940134652554150e+01
2.367775056000000000e+09,-6.907519864039200286e+01,-6.056802159349375358e+01
2.367781737000000000e+09,-6.889799546461790669e+01,-6.039081841771965742e+01
2.367788419000000000e+09,-6.717142559718053008e+01,-5.866424855028228080e+01
2.367795100000000000e+09,-6.766602174251309521e+01,-5.915884469561484593e+01
2.367801782000000000e+09,-6.973614553741923316e+01,-6.122896849052098389e+01
2.367808463000000000e+09,-6.755984859639116280e+01,-5.905267154949291353e+01
2.367815145000000000e+09,-6.675344938951573681e+01,-5.824627234261748754e+01
2.367821826000000000e+09,-6.974921349134118032e+01,-6.124203644444293104e+01
2.367828508000000000e+09,-6.779890723790246909e+01,-5.929173019100421982e+01
2.367835189000000000e+09,-6.862412663813167057e+01,-6.011694959123342130e+01
2.367841871000000000e+09,-6.797505884763495487e+01,-5.946788180073670560e+01
2.367848552000000000e+09,-6.897970271486833838e+01,-6.047252566797008910e+01
2.367855234000000000e+09,-7.002921793571806575e+01,-6.152204088881981647e+01
2.367861915000000000e+09,-7.088880222875803838e+01,-6.238162518185978911e+01
2.367868597000000000e+09,-6.982364397133065381e+01,-6.131646692443240454e+01
2.367875278000000000e+09,-6.980471943774902854e+01,-6.129754239085077927e+01
2.367881960000000000e+09,-7.023468194968261002e+01,-6.172750490278436075e+01
2.367888641000000000e+09,-6.922272509367554960e+01,-6.071554804677730033e+01
2.367895323000000000e+09,-6.847214401003819262e+01,-5.996496696313994335e+01
2.367902004000000000e+09,-6.799350247391194557e+01,-5.948632542701369630e+01
2.367908686000000000e+09,-6.977557766120537508e+01,-6.126840061430712581e+01
2.367915367000000000e+09,-6.730381737750447257e+01,-5.879664033060622330e+01
2.367922049000000000e+09,-6.838583416471685439e+01,-5.987865711781860512e+01
2.367928731000000000e+09,-6.956302486155684051e+01,-6.105584781465859123e+01
2.367935412000000000e+09,-6.739776282480727332e+01,-5.889058577790902405e+01
2.367942094000000000e+09,-6.855677310443854822e+01,-6.004959605754029894e+01
2.367948775000000000e+09,-6.808747300053528306e+01,-5.958029595363703379e+01
2.367955457000000000e+09,-6.844583100350207872e+01,-5.993865395660382944e+01
2.367962138000000000e+09,-6.974808047808413392e+01,-6.124090343118588464e+01
2.367968820000000000e+09,-6.811135138674032419e+01,-5.960417433984207491e+01
2.367975501000000000e+09,-6.788192117947933468e+01,-5.937474413258108541e+01
2.367982183000000000e+09,-6.795298136882348672e+01,-5.944580432192523745e+01
2.367988864000000000e+09,-6.730352716234718002e+01,-5.879635011544893075e+01
2.367995546000000000e+09,-6.697063428786704264e+01,-5.846345724096879337e+01
2.368002227000000000e+09,-6.679390573098879713e+01,-5.828672868409054786e+01
2.368008909000000000e+09,-6.456310361873084958e+01,-5.605592657183260030e+01
2.368015590000000000e+09,-6.669834444005202556e+01,-5.819116739315377629e+01
2.368022272000000000e+09,-6.705738507498065815e+01,-5.855020802808240887e+01
2.368028953000000000e+09,-6.587132862577564651e+01,-5.736415157887739724e+01
2.368035635000000000e+09,-6.638803384066348201e+01,-5.788085679376523274e+01
2.368042316000000000e+09,-6.733537941288658146e+01,-5.882820236598833219e+01
2.368048998000000000e+09,-6.648190226856138452e+01,-5.797472522166313524e+01
2.368055679000000000e+09,-6.589357375018781227e+01,-5.738639670328956299e+01
2.368062361000000000e+09,-6.533664122760575310e+01,-5.682946418070750383e+01
2.368069042000000000e+09,-6.678140602849487095e+01,-5.827422898159662168e+01
2.368075724000000000e+09,-6.577486608611746988e+01,-5.726768903921922060e+01
2.368082405000000000e+09,-6.750047486704150401e+01,-5.899329782014325474e+01
2.368089087000000000e+09,-6.785033168465216136e+01,-5.934315463775391208e+01
2.368095768000000000e+09,-6.668153316142672793e+01,-5.817435611452847866e+01
2.368102450000000000e+09,-6.665462071852203962e+01,-5.814744367162379035e+01
2.368109131000000000e+09,-6.742091575878963283e+01,-5.891373871189138356e+01
2.368115813000000000e+09,-6.697090233544656712e+01,-5.846372528854831785e+01
2.368122494000000000e+09,-6.890853272631477466e+01,-6.040135567941652539e+01
2.368129176000000000e+09,-6.750965403466389603e+01,-5.900247698776564675e+01
2.368135857000000000e+09,-6.733112770837203698e+01,-5.882395066147378770e+01
2.368142539000000000e+09,-6.517478598094794506e+01,-5.666760893404969579e+01
2.368149220000000000e+09,-6.818735034374677184e+01,-5.968017329684852257e+01
2.368155902000000000e+09,-6.783435927599100523e+01,-5.932718222909275596e+01
2.368162584000000000e+09,-6.823045818864106593e+01,-5.972328114174281666e+01
2.368169265000000000e+09,-7.006382753714621003e+01,-6.155665049024796076e+01
2.368175947000000000e+09,-6.611385477798310717e+01,-5.760667773108485790e+01
2.368182628000000000e+09,-6.686433189276236533e+01,-5.835715484586411606e+01
2.368189310000000000e+09,-6.493744318964890283e+01,-5.643026614275065356e+01
2.368195991000000000e+09,-6.788018475246811079e+01,-5.937300770556986151e+01
2.368202673000000000e+09,-6.695655748384147898e+01,-5.844938043694322971e+01
2.368209354000000000e+09,-6.928971386697986645e+01,-6.078253682008161718e+01
2.368216036000000000e+09,-6.842415945892447837e+01,-5.991698241202622910e+01
2.368222717000000000e+09,-6.702849613458228362e+01,-5.852131908768403434e+01
2.368229399000000000e+09,-6.682580293815735217e+01,-5.831862589125910290e+01
2.368236080000000000e+09,-6.713422557728637230e+01,-5.862704853038812303e+01
2.368242762000000000e+09,-6.800074863421772875e+01,-5.949357158731947948e+01
2.368249443000000000e+09,-6.837114247935029709e+01,-5.986396543245204782e+01
2.368256125000000000e+09,-6.719249228933267659e+01,-5.868531524243442732e+01
2.368262806000000000e+09,-6.758322270830289824e+01,-5.907604566140464897e+01
2.368269488000000000e+09,-6.745456974143058915e+01,-5.894739269453233987e+01
2.368276169000000000e+09,-6.632048951820783600e+01,-5.781331247130958673e+01
2.368282851000000000e+09,-6.786625734683420319e+01,-5.935908029993595392e+01
2.368289532000000000e+09,-7.066252297140221117e+01,-6.215534592450396190e+01
2.368296214000000000e+09,-7.064786846966632083e+01,-6.214069142276807156e+01
2.368302895000000000e+09,-6.969631486536533771e+01,-6.118913781846708844e+01
2.368309577000000000e+09,-6.778691939058111871e+01,-5.927974234368286943e+01
2.368316258000000000e+09,-6.796482661690008342e+01,-5.945764957000183415e+01
2.368322940000000000e+09,-6.873141454486381008e+01,-6.022423749796556081e+01
2.368329621000000000e+09,-6.862610457181651213e+01,-6.011892752491826286e+01
2.368336303000000000e+09,-6.855453907634586130e+01,-6.004736202944761203e+01
2.368342984000000000e+09,-6.766616959471370762e+01,-5.915899254781545835e+01
2.368349666000000000e+09,-6.623018623969076657e+01,-5.772300919279251730e+01
2.368356347000000000e+09,-6.673710234480648751e+01,-5.822992529790823824e+01
2.368363029000000000e+09,-6.816390269547711966e+01,-5.965672564857887039e+01
2.368369710000000000e+09,-6.620534876797880486e+01,-5.769817172108055559e+01
2.368376392000000000e+09,-6.801981410935242423e+01,-5.951263706245417495e+01
2.368383073000000000e+09,-6.672746054840450824e+01,-5.822028350150625897e+01
2.368389755000000000e+09,-6.742382956441269926e+01,-5.891665251751444998e+01
2.368396437000000000e+09,-6.583748356389664025e+01,-5.733030651699839098e+01
2.368403118000000000e+09,-6.518355716197089578e+01,-5.667638011507264650e+01
2.368409800000000000e+09,-6.660516129126915530e+01,-5.809798424437090603e+01
2.368416481000000000e+09,-6.737595805057307530e+01,-5.886878100367482602e+01
2.368423163000000000e+09,-6.861011779167780844e+01,-6.010294074477955917e+01
2.368429844000000000e+09,-6.400577794945596111e+01,-5.549860090255771183e+01
2.368436526000000000e+09,-6.428404631930109758e+01,-5.577686927240284831e+01
2.368443207000000000e+09,-6.579890671001565750e+01,-5.729172966311740822e+01
2.368449889000000000e+09,-6.567153858481088946e+01,-5.716436153791264019e+01
2.368456570000000000e+09,-6.688874955574929970e+01,-5.838157250885105043e+01
2.368463252000000000e+09,-6.553542778888767373e+01,-5.702825074198942445e+01
2.368469933000000000e+09,-6.720661583538858963e+01,-5.869943878849034036e+01
2.368476615000000000e+09,-6.612700043592197119e+01,-5.761982338902372192e+01
2.368483296000000000e+09,-6.700270927573427571e+01,-5.849553222883602643e+01
2.368489978000000000e+09,-6.687932625251720253e+01,-5.837214920561895326e+01
2.368496659000000000e+09,-6.672939880935059875e+01,-5.822222176245234948e+01
2.368503341000000000e+09,-6.643142858412113583e+01,-5.792425153722288655e+01
2.368510022000000000e+09,-6.607728635440122389e+01,-5.757010930750297462e+01
2.368516704000000000e+09,-6.404807319090652129e+01,-5.554089614400827202e+01
2.368523385000000000e+09,-6.313909974184078067e+01,-5.463192269494253139e+01
2.368530067000000000e+09,-6.581882582149548000e+01,-5.731164877459723073e+01
2.368536748000000000e+09,-6.711615104021112188e+01,-5.860897399331287261e+01
2.368543430000000000e+09,-6.695090466765213932e+01,-5.844372762075389005e+01
2.368550111000000000e+09,-6.588765238914496081e+01,-5.738047534224671153e+01
2.368556793000000000e+09,-6.583508955576810706e+01,-5.732791250886985779e+01
2.368563474000000000e+09,-6.438172894385874656e+01,-5.587455189696049729e+01
2.368570156000000000e+09,-6.528527082128549353e+01,-5.677809377438724425e+01
2.368576837000000000e+09,-6.684887229900280659e+01,-5.834169525210455731e+01
2.368583519000000000e+09,-6.559927673164237660e+01,-5.709209968474412733e+01
2.368590200000000000e+09,-6.550313238240194380e+01,-5.699595533550369453e+01
2.368596882000000000e+09,-6.746710255673417578e+01,-5.895992550983592650e+01
2.368603563000000000e+09,-6.750178625503431817e+01,-5.899460920813606890e+01
2.368610245000000000e+09,-6.715807009790252380e+01,-5.865089305100427453e+01
2.368616927000000000e+09,-6.700245076359851737e+01,-5.849527371670026810e+01
2.368623608000000000e+09,-6.736140839874130393e+01,-5.885423135184305465e+01
2.368630290000000000e+09,-6.806075118970093740e+01,-5.955357414280268813e+01
2.368636971000000000e+09,-6.381806012161570152e+01,-5.531088307471745225e+01
2.368643653000000000e+09,-6.419778064763357861e+01,-5.569060360073532934e+01
2.368650334000000000e+09,-6.487606578740400209e+01,-5.636888874050575282e+01
2.368657016000000000e+09,-6.602771589901921345e+01,-5.752053885212096418e+01
2.368663697000000000e+09,-6.606882943898524729e+01,-5.756165239208699802e+01
2.368670379000000000e+09,-6.660885636233840046e+01,-5.810167931544015119e+01
2.368677060000000000e+09,-6.736302558067609425e+01,-5.885584853377784498e+01
2.368683742000000000e+09,-6.627298927387715821e+01,-5.776581222697890894e+01
2.368690423000000000e+09,-6.530946738078557701e+01,-5.680229033388732773e+01
2.368697105000000000e+09,-6.632987395760372351e+01,-5.782269691070547424e+01
2.368703786000000000e+09,-6.675152208028185896e+01,-5.824434503338360969e+01
2.368710468000000000e+09,-6.419511833347281993e+01,-5.568794128657457065e+01
2.368717149000000000e+09,-6.650183642700420705e+01,-5.799465938010595778e+01
2.368723831000000000e+09,-6.628060977201639048e+01,-5.777343272511814121e+01
2.368730512000000000e+09,-6.458018078631261005e+01,-5.607300373941436078e+01
2.368737194000000000e+09,-6.541235046522844243e+01,-5.690517341833019316e+01
2.368743875000000000e+09,-6.625999962647281905e+01,-5.775282257957456977e+01
2.368750557000000000e+09,-6.676166713803552000e+01,-5.825449009113727072e+01
2.368757238000000000e+09,-6.417350616427269472e+01,-5.566632911737444545e+01
2.368763920000000000e+09,-6.373355300199948203e+01,-5.522637595510123276e+01
2.368770601000000000e+09,-6.457407448477766820e+01,-5.606689743787941893e+01
2.368777283000000000e+09,-6.642604615278359859e+01,-5.791886910588534931e+01
2.368783964000000000e+09,-6.385943746568852930e+01,-5.535226041879028003e+01
2.368790646000000000e+09,-6.566131998799721714e+01,-5.715414294109896787e+01
2.368797327000000000e+09,-6.536112469928420410e+01,-5.685394765238595483e+01
2.368804009000000000e+09,-6.585214624600028799e+01,-5.734496919910203871e+01
2.368810690000000000e+09,-6.530082186023125246e+01,-5.679364481333300319e+01
2.368817372000000000e+09,-6.494615343083032144e+01,-5.643897638393207217e+01
2.368824053000000000e+09,-6.319238960676976546e+01,-5.468521255987151619e+01
2.368830735000000000e+09,-6.349335825077059070e+01,-5.498618120387233432e+01
2.368837416000000000e+09,-6.516554918135872754e+01,-5.665837213446047826e+01
2.368844098000000000e+09,-6.389150541575858000e+01,-5.538432836886032362e+01
2.368850780000000000e+09,-6.423270391586865458e+01,-5.572552686897040530e+01
2.368857461000000000e+09,-6.485273403952663784e+01,-5.634555699262838857e+01
2.368864143000000000e+09,-6.513934948063655384e+01,-5.663217243373830456e+01
2.368870824000000000e+09,-6.429632357033457879e+01,-5.578914652343632952e+01
2.368877506000000000e+09,-6.582636990072523986e+01,-5.731919285382699059e+01
2.368884187000000000e+09,-6.662589721898663697e+01,-5.811872017208838770e+01
2.368890869000000000e+09,-6.443315942992772705e+01,-5.592598238302947777e+01
2.368897550000000000e+09,-6.420325266355953886e+01,-5.569607561666128959e+01
2.368904232000000000e+09,-6.388701559348692882e+01,-5.537983854658867244e+01
2.368910913000000000e+09,-6.447590710307316897e+01,-5.596873005617491970e+01
2.368917595000000000e+09,-6.404354712352005663e+01,-5.553637007662180736e+01
2.368924276000000000e+09,-6.395232118627842510e+01,-5.544514413938017583e+01
2.368930958000000000e+09,-6.142195830924373467e+01,-5.291478126234548540e+01
2.368937639000000000e+09,-6.169283565026361060e+01,-5.318565860336535422e+01
2.368944321000000000e+09,-5.943215977778713466e+01,-5.092498273088888538e+01
2.368951002000000000e+09,-6.313108400210860793e+01,-5.462390695521035866e+01
2.368957684000000000e+09,-6.312537435387429241e+01,-5.461819730697604314e+01
2.368964365000000000e+09,-6.293424776788594954e+01,-5.442707072098770027e+01
2.368971047000000000e+09,-6.205711352692738814e+01,-5.354993648002913176e+01
2.368977728000000000e+09,-6.074614357817487331e+01,-5.223896653127661693e+01
2.368984410000000000e+09,-5.940207950827721106e+01,-5.089490246137896179e+01
2.368991091000000000e+09,-6.126375216311317473e+01,-5.275657511621491835e+01
2.368997773000000000e+09,-6.169529920273081558e+01,-5.318812215583255920e+01
2.369004454000000000e+09,-6.180989331672150655e+01,-5.330271626982325017e+01
2.369011136000000000e+09,-6.130910646829364197e+01,-5.280192942139538559e+01
2.369017817000000000e+09,-5.896044983220903646e+01,-5.045327278531078719e+01
2.369024499000000000e+09,-5.830543370413895587e+01,-4.979825665724069950e+01
2.369031180000000000e+09,-6.223478501589563905e+01,-5.372760796899738978e+01
2.369037862000000000e+09,-5.866700125591152926e+01,-5.015982420901327998e+01
2.369044543000000000e+09,-6.141454088687982704e+01,-5.290736383998157066e+01
2.369051225000000000e+09,-5.885213938215508733e+01,-5.034496233525683806e+01
2.369057906000000000e+09,-5.983137867221845596e+01,-5.132420162532019958e+01
2.369064588000000000e+09,-6.069567237309015439e+01,-5.218849532619189802e+01
2.369071269000000000e+09,-6.046732859140804806e+01,-5.196015154450979878e+01
2.369077951000000000e+09,-6.159818383566762634e+01,-5.309100678876937707e+01
2.369084633000000000e+09,-6.166100745395923610e+01,-5.315383040706097972e+01
2.369091314000000000e+09,-6.076602155036761133e+01,-5.225884450346936205e+01
2.369097996000000000e+09,-6.108623921176970128e+01,-5.257906216487144491e+01
2.369104677000000000e+09,-6.100098673442489883e+01,-5.249380968752664955e+01
2.369111359000000000e+09,-5.903709891685520006e+01,-5.052992186995695079e+01
2.369118040000000000e+09,-6.083824489660042900e+01,-5.233106784970217973e+01
2.369124722000000000e+09,-6.260569384152112349e+01,-5.409851679462286711e+01
2.369131403000000000e+09,-6.336729011548140988e+01,-5.486011306858316061e+01
2.369138085000000000e+09,-6.101059138807968196e+01,-5.250341434118142558e+01
2.369144766000000000e+09,-5.997518088101557510e+01,-5.146800383411732582e+01
2.369151448000000000e+09,-5.870026689764465289e+01,-5.019308985074640361e+01
2.369158129000000000e+09,-6.025704736470533618e+01,-5.174987031780707980e+01
2.369164811000000000e+09,-5.939766243658539935e+01,-5.089048538968714297e+01
2.369171492000000000e+09,-5.833785910976744304e+01,-4.983068206286918667e+01
2.369178174000000000e+09,-5.985846287222518924e+01,-5.135128582532693997e+01
2.369184855000000000e+09,-5.942000218473705786e+01,-5.091282513783880859e+01
2.369191537000000000e+09,-5.820570726694077734e+01,-4.969853022004252807e+01
2.369198218000000000e+09,-6.095741789651026465e+01,-5.245024084961201538e+01
2.369204900000000000e+09,-6.177392674742398526e+01,-5.326674970052573599e+01
2.369211581000000000e+09,-6.218913434966123077e+01,-5.368195730276298150e+01
2.369218263000000000e+09,-6.358867429611466093e+01,-5.508149724921641166e+01
2.369224944000000000e+09,-6.329806177144650547e+01,-5.479088472454824910e+01
2.369231626000000000e+09,-6.008206675611495484e+01,-5.157488970921670557e+01
2.369238307000000000e+09,-6.232700882377601204e+01,-5.381983177687776276e+01
2.369244989000000000e+09,-6.319103269698178593e+01,-5.468385565008352955e+01
2.369251670000000000e+09,-6.357433834240633530e+01,-5.506716129550808603e+01
2.369258352000000000e+09,-6.205042419326724001e+01,-5.354324714636898364e+01
2.369265033000000000e+09,-6.251305092093915761e+01,-5.400587387404090123e+01
2.369271715000000000e+09,-5.794457826886770846e+01,-4.943740122196945208e+01
2.369278396000000000e+09,-5.858624452421629769e+01,-5.007906747731804842e+01
2.369285078000000000e+09,-6.145580589167502694e+01,-5.294862884477677767e+01
2.369291759000000000e+09,-6.210023828178674421e+01,-5.359306123488849494e+01
2.369298441000000000e+09,-6.321646538614535871e+01,-5.470928833924710943e+01
2.369305122000000000e+09,-6.249974625467316258e+01,-5.399256920777490620e+01
2.369311804000000000e+09,-6.248297506830149928e+01,-5.397579802140325000e+01
2.369318486000000000e+09,-5.965986654802732403e+01,-5.115268950112907476e+01
2.369325167000000000e+09,-6.148713873954154252e+01,-5.297996169264328614e+01
2.369331849000000000e+09,-6.238707083834498945e+01,-5.387989379144673308e+01
2.369338530000000000e+09,-6.148320516494324295e+01,-5.297602811804499368e+01
2.369345212000000000e+09,-6.177826479936334891e+01,-5.327108775246509254e+01
2.369351893000000000e+09,-5.716627408078487349e+01,-4.865909703388662422e+01
2.369358575000000000e+09,-6.084394689024929903e+01,-5.233676984335104976e+01
2.369365256000000000e+09,-6.032628719662597661e+01,-5.181911014972772023e+01
2.369371938000000000e+09,-5.960336068754072869e+01,-5.109618364064247942e+01
2.369378619000000000e+09,-6.138871506987722171e+01,-5.288153802297897244e+01
2.369385301000000000e+09,-6.337817450834058519e+01,-5.487099746144232881e+01
2.369391982000000000e+09,-6.024131272266149750e+01,-5.173413567576324112e+01
2.369398664000000000e+09,-5.870482623656680232e+01,-5.019764918966855305e+01
2.369405345000000000e+09,-5.884854226406243782e+01,-5.034136521716418144e+01
2.369412027000000000e+09,-5.806392861284354012e+01,-4.955675156594529085e+01
2.369418708000000000e+09,-5.941865750896799625e+01,-5.091148046206974698e+01
2.369425390000000000e+09,-6.080320045309693455e+01,-5.229602340619868528e+01
2.369432071000000000e+09,-5.914297501062222295e+01,-5.063579796372397368e+01
2.369438753000000000e+09,-5.609010127947115620e+01,-4.758292423257290693e+01
2.369445434000000000e+09,-5.822527843352765586e+01,-4.971810138662939949e+01
2.369452116000000000e+09,-5.785803877575591514e+01,-4.935086172885766587e+01
2.369458797000000000e+09,-5.969829475456555912e+01,-5.119111770766730274e+01
2.369465479000000000e+09,-6.063097802940141179e+01,-5.212380098250315541e+01
2.369472160000000000e+09,-5.803107974242615796e+01,-4.952390269552790869e+01
2.369478842000000000e+09,-5.926264478124849688e+01,-5.075546773435024761e+01
2.369485523000000000e+09,-5.765145175300841629e+01,-4.914427470611016702e+01
2.369492205000000000e+09,-5.751657822504552087e+01,-4.900940117814727159e+01
2.369498886000000000e+09,-5.984111084601408947e+01,-5.133393379911584020e+01
2.369505568000000000e+09,-5.813391484080476346e+01,-4.962673779390651418e+01
2.369512249000000000e+09,-5.749976563970524523e+01,-4.899258859280699596e+01
2.369518931000000000e+09,-5.551694239512364248e+01,-4.700976534822538611e+01
2.369525612000000000e+09,-5.565990784983856798e+01,-4.715273080294031161e+01
2.369532294000000000e+09,-5.666931804830853281e+01,-4.816214100141027643e+01
2.369538976000000000e+09,-5.658944493024883116e+01,-4.808226788335058188e+01
2.369545657000000000e+09,-5.597272093345096522e+01,-4.746554388655270884e+01
2.369552339000000000e+09,-5.617046022705260100e+01,-4.766328318015435173e+01
2.369559020000000000e+09,-5.339346830431573210e+01,-4.488629125741748283e+01
2.369565702000000000e+09,-5.301870432005852507e+01,-4.451152727316026869e+01
2.369572383000000000e+09,-5.501572006405245929e+01,-4.650854301715421002e+01
2.369579065000000000e+09,-5.270404828785875395e+01,-4.419687124096050468e+01
2.369585746000000000e+09,-5.389353322402638469e+01,-4.538635617712813541e+01
2.369592428000000000e+09,-5.266366855950150239e+01,-4.415649151260325311e+01
2.369599109000000000e+09,-5.370331564617362119e+01,-4.519613859927537192e+01
2.369605791000000000e+09,-5.611367279455828339e+01,-4.760649574766003411e+01
2.369612472000000000e+09,-5.352151958233999807e+01,-4.501434253544174169e+01
2.369619154000000000e+09,-5.126876349310001046e+01,-4.276158644620176119e+01
2.369625835000000000e+09,-5.070555244652698690e+01,-4.219837539962873052e+01
2.369632517000000000e+09,-4.915635124752874674e+01,-4.064917420063049747e+01
2.369639198000000000e+09,-4.862710298290178912e+01,-4.011992593600353985e+01
2.369645880000000000e+09,-4.839564517134635935e+01,-3.988846812444811007e+01
2.369652561000000000e+09,-4.607835762068583563e+01,-3.757118057378758635e+01
2.369659243000000000e+09,-4.850442749706707701e+01,-3.999725045016882063e+01
2.369665924000000000e+09,-5.054541131429470369e+01,-4.203823426739644731e+01
2.369672606000000000e+09,-5.081833162667786041e+01,-4.231115457977961114e+01
2.369679287000000000e+09,-5.076354942489716393e+01,-4.225637237799891466e+01
2.369685969000000000e+09,-4.946580098442269247e+01,-4.095862393752443609e+01
2.369692650000000000e+09,-4.823952648518763198e+01,-3.973234943828937560e+01
2.369699332000000000e+09,-4.967595289099548239e+01,-4.116877584409722601e+01
2.369706013000000000e+09,-4.801518313177212605e+01,-3.950800608487386967e+01
2.369712695000000000e+09,-4.660104247642314590e+01,-3.809386542952489663e+01
2.369719376000000000e+09,-4.725074721780327991e+01,-3.874357017090503064e+01
2.369726058000000000e+09,-4.706054375264689327e+01,-3.855336670574864399e+01
2.369732739000000000e+09,-4.469598765102578852e+01,-3.618881060412753925e+01
2.369739421000000000e+09,-4.566437811447425332e+01,-3.715720106757599694e+01
2.369746102000000000e+09,-4.886680690975161667e+01,-4.035962986285336740e+01
2.369752784000000000e+09,-4.693750455518889453e+01,-3.843032750829064526e+01
2.369759465000000000e+09,-4.554448427748978645e+01,-3.703730723059153718e+01
2.369766147000000000e+09,-4.340418406411093599e+01,-3.489700701721268672e+01
2.369772829000000000e+09,-4.470824271752343293e+01,-3.620106567062518366e+01
2.369779510000000000e+09,-4.733841019463039856e+01,-3.883123314773214929e+01
2.369786192000000000e+09,-4.546127336333464086e+01,-3.695409631643639159e+01
2.369792873000000000e+09,-4.349581889337657969e+01,-3.498864184647833042e+01
2.369799555000000000e+09,-4.286863113581068774e+01,-3.436145408891243846e+01
2.369806236000000000e+09,-3.886790870641380025e+01,-3.036073165951554742e+01
2.369812918000000000e+09,-3.801105338834267400e+01,-2.950387634144442117e+01
2.369819599000000000e+09,-3.720296460229577917e+01,-2.869578755539752635e+01
2.369826281000000000e+09,-3.201141090687080037e+01,-2.350423385997254755e+01
2.369832962000000000e+09,-2.885222474141292182e+01,-2.034504769451466899e+01
2.369839644000000000e+09,-2.385959976620976875e+01,-1.535242271931151592e+01
2.369846325000000000e+09,-2.188019515936140635e+01,-1.337301811246315353e+01
2.369853007000000000e+09,-2.008200790967321936e+01,-1.157483086277496653e+01
2.369859688000000000e+09,-1.848686941921840088e+01,-9.979692372320148053e+00
2.369866370000000000e+09,-1.446390538372179613e+01,-5.956728336823543302e+00
2.369873051000000000e+09,-1.385467423060263314e+01,-5.347497183704380319e+00
2.369879733000000000e+09,-1.389062583313399202e+01,-5.383448786235739192e+00
2.369886414000000000e+09,-1.186543812515937546e+01,-3.358261078261122634e+00
2.369893096000000000e+09,-1.066407079873859409e+01,-2.156893751840341267e+00
2.369899777000000000e+09,-1.175049977306510129e+01,-3.243322726166848469e+00
2.369906459000000000e+09,-9.837110796863406392e+00,-1.329933749965153567e+00
2.369913140000000000e+09,-8.711021031448542118e+00,-2.038439845502892922e-01
2.369919822000000000e+09,-1.000007678124827848e+01,-1.492899734350025653e+00
2.369926503000000000e+09,-9.892851482389474427e+00,-1.385674435491221601e+00
2.369933185000000000e+09,-9.246798791372690118e+00,-7.396217444744372926e-01
2.369939866000000000e+09,-9.538405599691822445e+00,-1.031228552793569619e+00
2.369946548000000000e+09,-1.022271123036315288e+01,-1.715534183464900053e+00
2.369953229000000000e+09,-1.112057643719227329e+01,-2.613399390294020463e+00
2.369959911000000000e+09,-1.011391414065063721e+01,-1.606737093752384382e+00
2.369966592000000000e+09,-9.428932331510585740e+00,-9.217552846123329147e-01
2.369973274000000000e+09,-9.616398650578934948e+00,-1.109221603680682122e+00
2.369979955000000000e+09,-9.559283891278306911e+00,-1.052106844380054085e+00
2.369986637000000000e+09,-9.780493772574219591e+00,-1.273316725675966765e+00
2.369993318000000000e+09,-1.155456949290502244e+01,-3.047392446006769617e+00
2.370000000000000000e+09,-1.109052950445166097e+01,-2.583352457553408144e+00
2.370006682000000000e+09,-8.457982276987944914e+00,4.919476991030791169e-02
2.370013363000000000e+09,-9.544967856225746061e+00,-1.037790809327493236e+00
2.370020045000000000e+09,-7.711161794140845238e+00,7.960152527574075876e-01
2.370026726000000000e+09,-9.398398255945121349e+00,-8.912212090468685233e-01
2.370033408000000000e+09,-1.057489900234750202e+01,-2.067721955449249194e+00
2.370040089000000000e+09,-1.003757594499530370e+01,-1.530398898097050875e+00
2.370046771000000000e+09,-1.143313981324748774e+01,-2.925962766349234911e+00
2.370053452000000000e+09,-9.541618286281059014e+00,-1.034441239382806188e+00
2.370060134000000000e+09,-1.081038761996251196e+01,-2.303210573064259137e+00
2.370066815000000000e+09,-9.511677705264631300e+00,-1.004500658366378474e+00
2.370073497000000000e+09,-8.806005011901659074e+00,-2.988279650034062485e-01
2.370080178000000000e+09,-1.052119562960898591e+01,-2.014018582710733085e+00
2.370086860000000000e+09,-9.027996529273385917e+00,-5.208194823751330915e-01
2.370093541000000000e+09,-1.010708733539573245e+01,-1.599910288497479627e+00
2.370100223000000000e+09,-1.063086440089035456e+01,-2.123687353992101734e+00
2.370106904000000000e+09,-1.080620752618423985e+01,-2.299030479285987028e+00
2.370113586000000000e+09,-1.103447788732506396e+01,-2.527300840426811135e+00
2.370120267000000000e+09,-1.236507151834325313e+01,-3.857894471445000306e+00
2.370126949000000000e+09,-1.293133725434106474e+01,-4.424160207442811910e+00
2.370133630000000000e+09,-1.298740527069151440e+01,-4.480228223793261577e+00
2.370140312000000000e+09,-1.505195712620484016e+01,-6.544780079306587339e+00
2.370146993000000000e+09,-1.816099137087794446e+01,-9.653814323979691636e+00
2.370153675000000000e+09,-1.726248085093328655e+01,-8.755303804035033721e+00
2.370160356000000000e+09,-2.204154136034069467e+01,-1.353436431344244184e+01
2.370167038000000000e+09,-2.473535908273238704e+01,-1.622818203583413421e+01
2.370173719000000000e+09,-2.936470567215815919e+01,-2.085752862525990636e+01
2.370180401000000000e+09,-3.469354911032475286e+01,-2.618637206342650003e+01
2.370187082000000000e+09,-3.672271774031551672e+01,-2.821554069341726390e+01
2.370193764000000000e+09,-3.658810311488952749e+01,-2.808092606799127466e+01
2.370200445000000000e+09,-3.939999507853808325e+01,-3.089281803163983042e+01
2.370207127000000000e+09,-4.230509258387634475e+01,-3.379791553697809547e+01
2.370213808000000000e+09,-4.264751203152900416e+01,-3.414033498463075489e+01
2.370220490000000000e+09,-4.395296940298799626e+01,-3.544579235608973988e+01
2.370227171000000000e+09,-4.397647582043070713e+01,-3.546929877353245786e+01
2.370233853000000000e+09,-4.431395342157902917e+01,-3.580677637468077990e+01
2.370240535000000000e+09,-4.522757293773014453e+01,-3.672039589083189526e+01
2.370247216000000000e+09,-4.671832942022600577e+01,-3.821115237332774939e+01
2.370253898000000000e+09,-4.948826120529805195e+01,-4.098108415839979557e+01
2.370260579000000000e+09,-4.988204684541415190e+01,-4.137486979851590263e+01
2.370267261000000000e+09,-4.893484070860250057e+01,-4.042766366170424419e+01
2.370273942000000000e+09,-4.847702534742833791e+01,-3.996984830053008864e+01
2.370280624000000000e+09,-4.847209513925390922e+01,-3.996491809235565995e+01
2.370287305000000000e+09,-4.902786370280659867e+01,-4.052068665590834939e+01
2.370293987000000000e+09,-4.841679988529560319e+01,-3.990962283839735392e+01
2.370300668000000000e+09,-4.959273023672437120e+01,-4.108555318982611482e+01
2.370307350000000000e+09,-5.017519981597970258e+01,-4.166802276908144620e+01
2.370314031000000000e+09,-5.112769270842927938e+01,-4.262051566153103010e+01
2.370320713000000000e+09,-5.026470821411565737e+01,-4.175753116721740810e+01
2.370327394000000000e+09,-5.088460104191783273e+01,-4.237742399501958346e+01
2.370334076000000000e+09,-5.047070236908787422e+01,-4.196352532218962494e+01
2.370340757000000000e+09,-5.188056108862075178e+01,-4.337338404172250250e+01
2.370347439000000000e+09,-4.924531344039996839e+01,-4.073813639350171911e+01
2.370354120000000000e+09,-5.084583888690603715e+01,-4.233866184000778787e+01
2.370360802000000000e+09,-4.855722823527403875e+01,-4.005005118837578948e+01
2.370367483000000000e+09,-5.119870019317729515e+01,-4.269152314627903877e+01
2.370374165000000000e+09,-5.316047036820835103e+01,-4.465329332131010176e+01
2.370380846000000000e+09,-5.260148654039603144e+01,-4.409430949349777507e+01
2.370387528000000000e+09,-5.436594195932934070e+01,-4.585876491243108433e+01
2.370394209000000000e+09,-5.113547177235557228e+01,-4.262829472545732301e+01
2.370400891000000000e+09,-5.157729933544233347e+01,-4.307012228854408420e+01
2.370407572000000000e+09,-5.159555059142786604e+01,-4.308837354452961677e+01
2.370414254000000000e+09,-5.502934256302970084e+01,-4.652216551613145157e+01
2.370420935000000000e+09,-5.497640031778419711e+01,-4.646922327088594784e+01
2.370427617000000000e+09,-5.522451283889037654e+01,-4.671733579199212727e+01
2.370434298000000000e+09,-5.557707391664300900e+01,-4.706989686974475262e+01
2.370440980000000000e+09,-5.277816739495608545e+01,-4.427099034805783617e+01
2.370447661000000000e+09,-5.236556005199463470e+01,-4.385838300509638543e+01
2.370454343000000000e+09,-5.377359706483466795e+01,-4.526642001793641157e+01
2.370461024000000000e+09,-5.363038683241921945e+01,-4.512320978552097017e+01
2.370467706000000000e+09,-5.757024557223459027e+01,-4.906306852533633389e+01
2.370474388000000000e+09,-5.643832194735948349e+01,-4.793114490046123422e+01
2.370481069000000000e+09,-5.470405653012338831e+01,-4.619687948322513193e+01
2.370487751000000000e+09,-5.547446727644410203e+01,-4.696729022954585275e+01
2.370494432000000000e+09,-5.613990577238371316e+01,-4.763272872548546388e+01
2.370501114000000000e+09,-5.840184960658781677e+01,-4.989467255968956749e+01
2.370507795000000000e+09,-5.754983123423556179e+01,-4.904265418733730542e+01
2.370514477000000000e+09,-5.568136897454862577e+01,-4.717419192765036939e+01
2.370521158000000000e+09,-5.325799277591136160e+01,-4.475081572901311233e+01
2.370527840000000000e+09,-5.338705746727353585e+01,-4.487988042037528658e+01
2.370534521000000000e+09,-5.717285721680934074e+01,-4.866568016991108436e+01
2.370541203000000000e+09,-5.768172963427648625e+01,-4.917455258737822987e+01
2.370547884000000000e+09,-5.959551879156114751e+01,-5.108834174466289824e+01
2.370554566000000000e+09,-6.030985089194224713e+01,-5.180267384504399786e+01
2.370561247000000000e+09,-5.917450966946130819e+01,-5.066733262256305181e+01
2.370567929000000000e+09,-5.749374194473344346e+01,-4.898656489783519419e+01
2.370574610000000000e+09,-5.725643289740933994e+01,-4.874925585051109067e+01
2.370581292000000000e+09,-6.240077010183733108e+01,-5.389359305493907470e+01
2.370587973000000000e+09,-6.174146255857313292e+01,-5.323428551167488365e+01
2.370594655000000000e+09,-5.960023118402449427e+01,-5.109305413712624500e+01
2.370601336000000000e+09,-5.972626125191303004e+01,-5.121908420501478076e+01
2.370608018000000000e+09,-5.686988345276937196e+01,-4.836270640587112268e+01
2.370614699000000000e+09,-5.938394481240719358e+01,-5.087676776550894431e+01
2.370621381000000000e+09,-6.040208910858400770e+01,-5.189491206168575843e+01
2.370628062000000000e+09,-6.254801030349129576e+01,-5.404083325659304649e+01
2.370634744000000000e+09,-6.021808383945031551e+01,-5.171090679255206624e+01
2.370641425000000000e+09,-5.963712091549464844e+01,-5.112994386859639917e+01
2.370648107000000000e+09,-5.883588526978633837e+01,-5.032870822288808199e+01
2.370654788000000000e+09,-6.087770578425768520e+01,-5.237052873735943592e+01
2.370661470000000000e+09,-6.013109121261162215e+01,-5.162391416571337288e+01
2.370668151000000000e+09,-6.083506415210075602e+01,-5.232788710520250675e+01
2.370674833000000000e+09,-6.049817953479718113e+01,-5.199100248789892476e+01
2.370681514000000000e+09,-6.079521917574897572e+01,-5.228804212885071934e+01
2.370688196000000000e+09,-6.065356712917220250e+01,-5.214639008227395323e+01
2.370694878000000000e+09,-6.157195085844094962e+01,-5.306477381154269324e+01
2.370701559000000000e+09,-6.354394612770475703e+01,-5.503676908080650776e+01
2.370708241000000000e+09,-6.236442702150478112e+01,-5.385724997460653185e+01
2.370714922000000000e+09,-6.013421713017103798e+01,-5.162704008327278871e+01
2.370721604000000000e+09,-5.961872913003269048e+01,-5.111155208313444120e+01
2.370728285000000000e+09,-5.856698718639113110e+01,-5.005981013949288183e+01
2.370734967000000000e+09,-5.855062909374563418e+01,-5.004345204684737780e+01
2.370741648000000000e+09,-6.176212606220467904e+01,-5.325494901530642267e+01
2.370748330000000000e+09,-6.494790075462647394e+01,-5.644072370772822467e+01
2.370755011000000000e+09,-6.415481572558806533e+01,-5.564763867868981606e+01
2.370761693000000000e+09,-6.148808192800469641e+01,-5.298090488110644003e+01
2.370768374000000000e+09,-5.999460312121593120e+01,-5.148742607431768192e+01
2.370775056000000000e+09,-6.059438866929781398e+01,-5.208721162239956470e+01
2.370781737000000000e+09,-6.246178467466562267e+01,-5.395460762776737340e+01
2.370788419000000000e+09,-6.342688171243129602e+01,-5.491970466553304675e+01
2.370795100000000000e+09,-6.330536998120335568e+01,-5.479819293430510641e+01
2.370801782000000000e+09,-6.089365390945457079e+01,-5.238647686255632152e+01
2.370808463000000000e+09,-6.114543628611221493e+01,-5.263825923921396566e+01
2.370815145000000000e+09,-6.147074633647926589e+01,-5.296356928958101662e+01
2.370821826000000000e+09,-6.150389851343130942e+01,-5.299672146653306015e+01
2.370828508000000000e+09,-6.306835656197473838e+01,-5.456117951507648911e+01
2.370835189000000000e+09,-6.528928020897372164e+01,-5.678210316207547237e+01
2.370841871000000000e+09,-6.529830839334572090e+01,-5.679113134644747163e+01
2.370848552000000000e+09,-6.255285952159539420e+01,-5.404568247469714493e+01
2.370855234000000000e+09,-6.263557428918097258e+01,-5.412839724228271621e+01
2.370861915000000000e+09,-5.966912944481724423e+01,-5.116195239791899496e+01
2.370868597000000000e+09,-6.336232507098928579e+01,-5.485514802409103652e+01
2.370875278000000000e+09,-6.318680928831821575e+01,-5.467963224141996648e+01
2.370881960000000000e+09,-6.460280982965488761e+01,-5.609563278275663833e+01
2.370888641000000000e+09,-6.323976771828422727e+01,-5.473259067138597800e+01
2.370895323000000000e+09,-6.423016878947267116e+01,-5.572299174257442189e+01
2.370902004000000000e+09,-6.161244870143331553e+01,-5.310527165453505916e+01
2.370908686000000000e+09,-6.287710216424070353e+01,-5.436992511734244715e+01
2.370915367000000000e+09,-6.553965951626079800e+01,-5.703248246936254873e+01
2.370922049000000000e+09,-6.421247625938744363e+01,-5.570529921248919436e+01
2.370928731000000000e+09,-6.417153019787888013e+01,-5.566435315098063086e+01
2.370935412000000000e+09,-6.299332871600648076e+01,-5.448615166910822438e+01
2.370942094000000000e+09,-6.084709061119926332e+01,-5.233991356430101405e+01
2.370948775000000000e+09,-6.310910521248011662e+01,-5.460192816558186735e+01
2.370955457000000000e+09,-6.251680966972570275e+01,-5.400963262282745347e+01
2.370962138000000000e+09,-6.386313358933381323e+01,-5.535595654243556396e+01
2.370968820000000000e+09,-6.395238724337369263e+01,-5.544521019647544335e+01
2.370975501000000000e+09,-6.277699786922224234e+01,-5.426982082232399307e+01
2.370982183000000000e+09,-6.297117483062194765e+01,-5.446399778372369838e+01
2.370988864000000000e+09,-6.496699860119400682e+01,-5.645982155429575755e+01
2.370995546000000000e+09,-6.324323964292267419e+01,-5.473606259602442492e+01
2.371002227000000000e+09,-6.477768981336205911e+01,-5.627051276646380984e+01
2.371008909000000000e+09,-6.523335245353945311e+01,-5.672617540664120384e+01
2.371015590000000000e+09,-6.374846837460200533e+01,-5.524129132770374895e+01
2.371022272000000000e+09,-6.475822120911038837e+01,-5.625104416221213910e+01
2.371028953000000000e+09,-6.251472572146486328e+01,-5.400754867456660691e+01
2.371035635000000000e+09,-6.365042560646503489e+01,-5.514324855956678562e+01
2.371042316000000000e+09,-6.579881374596213561e+01,-5.729163669906388634e+01
2.371048998000000000e+09,-6.438367380904396953e+01,-5.587649676214572025e+01
2.371055679000000000e+09,-6.424141303474397091e+01,-5.573423598784572164e+01
2.371062361000000000e+09,-6.389886003666486403e+01,-5.539168298976660765e+01
2.371069042000000000e+09,-6.510778745247409915e+01,-5.660061040557584988e+01
2.371075724000000000e+09,-6.540746091219926939e+01,-5.690028386530102011e+01
2.371082405000000000e+09,-6.634303037339132914e+01,-5.783585332649307986e+01
2.371089087000000000e+09,-6.676682812392738242e+01,-5.825965107702913315e+01
2.371095768000000000e+09,-6.521276737303401205e+01,-5.670559032613576278e+01
2.371102450000000000e+09,-6.220664767830016473e+01,-5.369947063140190835e+01
2.371109131000000000e+09,-6.184159262165087512e+01,-5.333441557475262584e+01
2.371115813000000000e+09,-6.637166671790923544e+01,-5.786448967101098617e+01
2.371122494000000000e+09,-6.774326131149777552e+01,-5.923608426459952625e+01
2.371129176000000000e+09,-6.806344163310798479e+01,-5.955626458620973551e+01
2.371135857000000000e+09,-6.655564653661866714e+01,-5.804846948972041787e+01
2.371142539000000000e+09,-6.638434143059718906e+01,-5.787716438369893979e+01
2.371149220000000000e+09,-6.443265531997271012e+01,-5.592547827307446084e+01
2.371155902000000000e+09,-6.511917157433663306e+01,-5.661199452743838378e+01
2.371162584000000000e+09,-6.588013407783039099e+01,-5.737295703093214172e+01
2.371169265000000000e+09,-6.647772276378569245e+01,-5.797054571688744318e+01
2.371175947000000000e+09,-6.617817965575774508e+01,-5.767100260885949581e+01
2.371182628000000000e+09,-6.360381528949417174e+01,-5.509663824259591536e+01
2.371189310000000000e+09,-6.384668608999560746e+01,-5.533950904309735108e+01
2.371195991000000000e+09,-6.562894478129669551e+01,-5.712176773439844624e+01
2.371202673000000000e+09,-6.558303955666423235e+01,-5.707586250976598308e+01
2.371209354000000000e+09,-6.619342850870009443e+01,-5.768625146180184515e+01
2.371216036000000000e+09,-6.551714698561349337e+01,-5.700996993871524410e+01
2.371222717000000000e+09,-6.601385928006978077e+01,-5.750668223317153149e+01
2.371229399000000000e+09,-6.463482743074811765e+01,-5.612765038384986838e+01
2.371236080000000000e+09,-6.478079920431231642e+01,-5.627362215741406715e+01
2.371242762000000000e+09,-6.655486287730025197e+01,-5.804768583040200269e+01
2.371249443000000000e+09,-6.711775469070465761e+01,-5.861057764380640833e+01
2.371256125000000000e+09,-6.673370033027353543e+01,-5.822652328337528616e+01
2.371262806000000000e+09,-6.700963448923536703e+01,-5.850245744233711775e+01
2.371269488000000000e+09,-6.597572645223684162e+01,-5.746854940533859235e+01
2.371276169000000000e+09,-6.347449349597680168e+01,-5.496731644907855241e+01
2.371282851000000000e+09,-6.569033936497316972e+01,-5.718316231807492045e+01
2.371289532000000000e+09,-6.438023147718848804e+01,-5.587305443029023877e+01
2.371296214000000000e+09,-6.641894535847364978e+01,-5.791176831157540050e+01
2.371302895000000000e+09,-6.631133927652747673e+01,-5.780416222962922745e+01
2.371309577000000000e+09,-6.441902360004519323e+01,-5.591184655314694396e+01
2.371316258000000000e+09,-6.415975176425898496e+01,-5.565257471736073569e+01
2.371322940000000000e+09,-6.737914649873719952e+01,-5.887196945183895025e+01
2.371329621000000000e+09,-6.696569300697139226e+01,-5.845851596007314299e+01
2.371336303000000000e+09,-6.669288670594737312e+01,-5.818570965904912384e+01
2.371342984000000000e+09,-6.425609595029902721e+01,-5.574891890340077794e+01
2.371349666000000000e+09,-6.397983152546409258e+01,-5.547265447856584331e+01
2.371356347000000000e+09,-6.357522571175210402e+01,-5.506804866485384764e+01
2.371363029000000000e+09,-6.380833563563942334e+01,-5.530115858874117407e+01
2.371369710000000000e+09,-6.465680895792782223e+01,-5.614963191102957296e+01
2.371376392000000000e+09,-6.738994947407854852e+01,-5.888277242718029925e+01
2.371383073000000000e+09,-6.717970819964993723e+01,-5.867253115275168796e+01
2.371389755000000000e+09,-6.719387405544232195e+01,-5.868669700854407267e+01
2.371396437000000000e+09,-6.614103886807164656e+01,-5.763386182117339729e+01
2.371403118000000000e+09,-6.703033871915957320e+01,-5.852316167226132393e+01
2.371409800000000000e+09,-6.650316058339140568e+01,-5.799598353649315641e+01
2.371416481000000000e+09,-6.677192319187797409e+01,-5.826474614497972482e+01
2.371423163000000000e+09,-6.592404699667471846e+01,-5.741686994977646918e+01
2.371429844000000000e+09,-6.392487051635402651e+01,-5.541769346945577013e+01
2.371436526000000000e+09,-6.431513976904727770e+01,-5.580796272214902842e+01
2.371443207000000000e+09,-6.583183706659850998e+01,-5.732466001970026070e+01
2.371449889000000000e+09,-6.549878573057836206e+01,-5.699160868368011279e+01
2.371456570000000000e+09,-6.673234971355813627e+01,-5.822517266665988700e+01
2.371463252000000000e+09,-6.947372721561548303e+01,-6.096655016871723376e+01
2.371469933000000000e+09,-6.559161881932220695e+01,-5.708444177242395767e+01
2.371476615000000000e+09,-6.443010700557105963e+01,-5.592292995867281036e+01
2.371483296000000000e+09,-6.298530774857945147e+01,-5.447813070168119509e+01
2.371489978000000000e+09,-6.399677690597542323e+01,-5.548959985907717396e+01
2.371496659000000000e+09,-6.608983535226710160e+01,-5.758265830536885233e+01
2.371503341000000000e+09,-6.585720411092360393e+01,-5.735002706402535466e+01
2.371510022000000000e+09,-6.735929657370360246e+01,-5.885211952680535319e+01
2.371516704000000000e+09,-6.535895458837751448e+01,-5.685177754147926521e+01
2.371523385000000000e+09,-6.589640136231834333e+01,-5.738922431542009406e+01
2.371530067000000000e+09,-6.715565424326018729e+01,-5.864847719636193801e+01
2.371536748000000000e+09,-6.746559988841471522e+01,-5.895842284151646595e+01
2.371543430000000000e+09,-6.783158383736632402e+01,-5.932440679046807475e+01
2.371550111000000000e+09,-6.777369580938167815e+01,-5.926651876248342887e+01
2.371556793000000000e+09,-6.487745911122642894e+01,-5.637028206432817967e+01
2.371563474000000000e+09,-6.697563764841260081e+01,-5.846846060151435154e+01
2.371570156000000000e+09,-6.669432309066883136e+01,-5.818714604377058208e+01
2.371576837000000000e+09,-6.800172570986885034e+01,-5.949454866297060107e+01
2.371583519000000000e+09,-6.812634446117348830e+01,-5.961916741427523903e+01
2.371590200000000000e+09,-6.794818249665659948e+01,-5.944100544975835021e+01
2.371596882000000000e+09,-6.916004226203963867e+01,-6.065286521514138940e+01
2.371603563000000000e+09,-6.724493934980385745e+01,-5.873776230290560818e+01
2.371610245000000000e+09,-6.639328812591259066e+01,-5.788611107901434139e+01
2.371616927000000000e+09,-6.435939879003716158e+01,-5.585222174313891230e+01
2.371623608000000000e+09,-6.732774457950765168e+01,-5.882056753260940241e+01
2.371630290000000000e+09,-6.707456426179498976e+01,-5.856738721489674049e+01
2.371636971000000000e+09,-6.654860141233771742e+01,-5.804142436543946815e+01
2.371643653000000000e+09,-6.535384571419106692e+01,-5.684666866729281764e+01
2.371650334000000000e+09,-6.369566067452520741e+01,-5.518848362762695103e+01
2.371657016000000000e+09,-6.745753671081135394e+01,-5.895035966391310467e+01
2.371663697000000000e+09,-6.697126744039296398e+01,-5.846409039349471470e+01
2.371670379000000000e+09,-6.733021582800303406e+01,-5.882303878110478479e+01
2.371677060000000000e+09,-6.674309219835963347e+01,-5.823591515146138420e+01
2.371683742000000000e+09,-6.628094773783696780e+01,-5.777377069093871853e+01
2.371690423000000000e+09,-6.681496094085227355e+01,-5.830778389395402428e+01
2.371697105000000000e+09,-6.695965071847960814e+01,-5.845247367158135887e+01
2.371703786000000000e+09,-6.642848293466522591e+01,-5.792130588776697664e+01
2.371710468000000000e+09,-7.012774715384838942e+01,-6.162057010695014014e+01
2.371717149000000000e+09,-6.656822859144665472e+01,-5.806105154454840545e+01
2.371723831000000000e+09,-6.718109010060958042e+01,-5.867391305371133114e+01
2.371730512000000000e+09,-6.716050783003827007e+01,-5.865333078314002080e+01
2.371737194000000000e+09,-6.812502458059847754e+01,-5.961784753370022827e+01
2.371743875000000000e+09,-6.753980260450123296e+01,-5.903262555760298369e+01
2.371750557000000000e+09,-6.835467179223326184e+01,-5.984749474533501257e+01
2.371757238000000000e+09,-6.510344252781591479e+01,-5.659626548091766551e+01
2.371763920000000000e+09,-6.485652449570669376e+01,-5.634934744880844448e+01
2.371770601000000000e+09,-6.537285166437827399e+01,-5.686567461748002472e+01
2.371777283000000000e+09,-6.533128705794554492e+01,-5.682411001104729564e+01
2.371783964000000000e+09,-6.715231880734786785e+01,-5.864514176044961857e+01
2.371790646000000000e+09,-6.955024321725306891e+01,-6.104306617035481963e+01
2.371797327000000000e+09,-6.884175730220721334e+01,-6.033458025530896407e+01
2.371804009000000000e+09,-6.759234979315169767e+01,-5.908517274625344839e+01
2.371810690000000000e+09,-6.645392917071582417e+01,-5.794675212381757490e+01
2.371817372000000000e+09,-6.720116326040094634e+01,-5.869398621350269707e+01
2.371824053000000000e+09,-6.665110125249260875e+01,-5.814392420559435948e+01
2.371830735000000000e+09,-6.678317557007270011e+01,-5.827599852317445084e+01
2.371837416000000000e+09,-6.603782384159910634e+01,-5.753064679470085707e+01
2.371844098000000000e+09,-6.590822940399654328e+01,-5.740105235709829401e+01
2.371850780000000000e+09,-6.774521220346076689e+01,-5.923803515656251761e+01
2.371857461000000000e+09,-6.802451518357948146e+01,-5.951733813668123219e+01
2.371864143000000000e+09,-6.796939850664151095e+01,-5.946222145974326168e+01
2.371870824000000000e+09,-6.628838073495469985e+01,-5.778120368805645057e+01
2.371877506000000000e+09,-6.781153728628829924e+01,-5.930436023939004997e+01
2.371884187000000000e+09,-6.832134915742037151e+01,-5.981417211052212224e+01
2.371890869000000000e+09,-6.748143371333787854e+01,-5.897425666643962927e+01
2.371897550000000000e+09,-6.487648013262338509e+01,-5.636930308572513582e+01
2.371904232000000000e+09,-6.401091538771110834e+01,-5.550373834081285906e+01
2.371910913000000000e+09,-6.652047252752770135e+01,-5.801329548062945207e+01
2.371917595000000000e+09,-6.786699948073002986e+01,-5.935982243383178059e+01
2.371924276000000000e+09,-6.353218764322438972e+01,-5.502501059632614044e+01
2.371930958000000000e+09,-6.432104343344013841e+01,-5.581386638654188914e+01
2.371937639000000000e+09,-6.638530561356232340e+01,-5.787812856666407413e+01
2.371944321000000000e+09,-6.538594100163410872e+01,-5.687876395473585944e+01
2.371951002000000000e+09,-6.474063264787611161e+01,-5.623345560097786233e+01
2.371957684000000000e+09,-6.643476279770840165e+01,-5.792758575081015238e+01
2.371964365000000000e+09,-6.741567728468328369e+01,-5.890850023778503441e+01
2.371971047000000000e+09,-6.832915434067943750e+01,-5.982197729378118822e+01
2.371977728000000000e+09,-6.650474487950225466e+01,-5.799756783260400539e+01
2.371984410000000000e+09,-6.308688220744717512e+01,-5.457970516054892585e+01
2.371991091000000000e+09,-6.385749470649979287e+01,-5.535031765960154360e+01
2.371997773000000000e+09,-6.621130764228277599e+01,-5.770413059538452671e+01
2.372004454000000000e+09,-6.622022400210278192e+01,-5.771304695520453265e+01
2.372011136000000000e+09,-6.628198664504404292e+01,-5.777480959814579364e+01
2.372017817000000000e+09,-6.607484035908709075e+01,-5.756766331218884147e+01
2.372024499000000000e+09,-6.552394385974122315e+01,-5.701676681284297388e+01
2.372031180000000000e+09,-6.823596540536888710e+01,-5.972878835847063783e+01
2.372037862000000000e+09,-6.832590341728517558e+01,-5.981872637038692631e+01
2.372044543000000000e+09,-6.797670103341545200e+01,-5.946952398651720273e+01
2.372051225000000000e+09,-6.698333287855297158e+01,-5.847615583165472231e+01
2.372057906000000000e+09,-6.729676503442287583e+01,-5.878958798752462656e+01
2.372064588000000000e+09,-6.962966179936886135e+01,-6.112248475247061208e+01
2.372071269000000000e+09,-6.840439842962383921e+01,-5.989722138272558993e+01
2.372077951000000000e+09,-6.894176966764776182e+01,-6.043459262074951255e+01
2.372084633000000000e+09,-6.736535096006234369e+01,-5.885817391316409442e+01
2.372091314000000000e+09,-6.877879408932348326e+01,-6.027161704242523399e+01
2.372097996000000000e+09,-6.814019383591373469e+01,-5.963301678901548541e+01
2.372104677000000000e+09,-6.991506671892392433e+01,-6.140788967202567505e+01
2.372111359000000000e+09,-6.691130523467444391e+01,-5.840412818777619464e+01
2.372118040000000000e+09,-7.146791102939471330e+01,-6.296073398249646402e+01
2.372124722000000000e+09,-6.898134227513678240e+01,-6.047416522823853313e+01
2.372131403000000000e+09,-6.824916683301145781e+01,-5.974198978611320854e+01
2.372138085000000000e+09,-6.970141100903731513e+01,-6.119423396213906585e+01
2.372144766000000000e+09,-6.833734943404293460e+01,-5.983017238714468533e+01
2.372151448000000000e+09,-6.781565466557120203e+01,-5.930847761867295276e+01
2.372158129000000000e+09,-6.835314575461040931e+01,-5.984596870771216004e+01
2.372164811000000000e+09,-6.780067962694027983e+01,-5.929350258004203056e+01
2.372171492000000000e+09,-6.877487346563449933e+01,-6.026769641873625005e+01
2.372178174000000000e+09,-6.921382650256204272e+01,-6.070664945566379345e+01
2.372184855000000000e+09,-6.662515014957755000e+01,-5.811797310267930072e+01
2.372191537000000000e+09,-6.783998151638076024e+01,-5.933280446948251097e+01
2.372198218000000000e+09,-6.707413700027575487e+01,-5.856695995337750560e+01
2.372204900000000000e+09,-6.801291750921049584e+01,-5.950574046231224656e+01
2.372211581000000000e+09,-6.829563397655486767e+01,-5.978845692965661840e+01
2.372218263000000000e+09,-6.866131772568826364e+01,-6.015414067879001436e+01
2.372224944000000000e+09,-6.775435589277299187e+01,-5.924717884587474259e+01
2.372231626000000000e+09,-6.773365514221194417e+01,-5.922647809531369489e+01
2.372238307000000000e+09,-6.912476825532728242e+01,-6.061759120842903314e+01
2.372244989000000000e+09,-6.787867025792087361e+01,-5.937149321102262434e+01
2.372251670000000000e+09,-6.753198431598971752e+01,-5.902480726909146824e+01
2.372258352000000000e+09,-6.633216514070193170e+01,-5.782498809380368243e+01
2.372265033000000000e+09,-6.805982040952687839e+01,-5.955264336262862912e+01
2.372271715000000000e+09,-6.760110785925598975e+01,-5.909393081235774048e+01
2.372278396000000000e+09,-6.665186465565003004e+01,-5.814468760875178077e+01
2.372285078000000000e+09,-6.871331036064327691e+01,-6.020613331374502764e+01
2.372291759000000000e+09,-6.979906566416508440e+01,-6.129188861726683513e+01
2.372298441000000000e+09,-6.901644747257456913e+01,-6.050927042567631986e+01
2.372305122000000000e+09,-6.725148672842566100e+01,-5.874430968152741173e+01
2.372311804000000000e+09,-6.893257810769435423e+01,-6.042540106079610496e+01
2.372318486000000000e+09,-6.885178436126872725e+01,-6.034460731437047798e+01
2.372325167000000000e+09,-7.008294797616150618e+01,-6.157577092926325690e+01
2.372331849000000000e+09,-7.042889917958169121e+01,-6.192172213268344194e+01
2.372338530000000000e+09,-6.843824596853623632e+01,-5.993106892163798705e+01
2.372345212000000000e+09,-6.774600140407709148e+01,-5.923882435717884221e+01
2.372351893000000000e+09,-6.842656365127288609e+01,-5.991938660437463682e+01
2.372358575000000000e+09,-6.998863961427491631e+01,-6.148146256737666704e+01
2.372365256000000000e+09,-7.016523920623600930e+01,-6.165806215933776002e+01
2.372371938000000000e+09,-6.793108290367412394e+01,-5.942390585677587467e+01
2.372378619000000000e+09,-6.856499549427249462e+01,-6.005781844737424535e+01
2.372385301000000000e+09,-6.859989331529486378e+01,-6.009271626839661451e+01
2.372391982000000000e+09,-6.719107510591464916e+01,-5.868389805901639988e+01
2.372398664000000000e+09,-6.748146245731376780e+01,-5.897428541041551853e+01
2.372405345000000000e+09,-6.596891338631239421e+01,-5.746173633941414494e+01
2.372412027000000000e+09,-6.981624788459308206e+01,-6.130907083769483279e+01
2.372418708000000000e+09,-6.913629254209440944e+01,-6.062911549519616017e+01
2.372425390000000000e+09,-6.709451117057344049e+01,-5.858733412367519122e+01
2.372432071000000000e+09,-7.194676506748430711e+01,-6.343958802058605784e+01
2.372438753000000000e+09,-6.880812147518135191e+01,-6.030094442828310264e+01
2.372445434000000000e+09,-6.988230995375774057e+01,-6.137513290685949130e+01
2.372452116000000000e+09,-6.917154727852648932e+01,-6.066437023162824005e+01
2.372458797000000000e+09,-7.125584634412808782e+01,-6.274866929722983855e+01
2.372465479000000000e+09,-7.205936158878697029e+01,-6.355218454188872101e+01
2.372472160000000000e+09,-6.974389965276787962e+01,-6.123672260586963034e+01
2.372478842000000000e+09,-6.882680816311918193e+01,-6.031963111622093265e+01
2.372485523000000000e+09,-6.848073964985616158e+01,-5.997356260295791230e+01
2.372492205000000000e+09,-6.723319968551841441e+01,-5.872602263862016514e+01
2.372498886000000000e+09,-6.848242400065257129e+01,-5.997524695375432202e+01
2.372505568000000000e+09,-6.818630771401929280e+01,-5.967913066712104353e+01
2.372512249000000000e+09,-6.892361486667618919e+01,-6.041643781977793992e+01
2.372518931000000000e+09,-6.953500285053900143e+01,-6.102782580364075216e+01
2.372525612000000000e+09,-6.830468654611931356e+01,-5.979750949922106429e+01
2.372532294000000000e+09,-6.781588648197035241e+01,-5.930870943507210313e+01
2.372538976000000000e+09,-6.762051011977138160e+01,-5.911333307287313232e+01
2.372545657000000000e+09,-7.102541555040599519e+01,-6.251823850350774592e+01
2.372552339000000000e+09,-7.106415430186474680e+01,-6.255697725496649753e+01
2.372559020000000000e+09,-6.866647041260685569e+01,-6.015929336570860642e+01
2.372565702000000000e+09,-6.799985438522925563e+01,-5.949267733833100635e+01
2.372572383000000000e+09,-6.789661811012609860e+01,-5.938944106322784933e+01
2.372579065000000000e+09,-7.079244444822593607e+01,-6.228526740132768680e+01
2.372585746000000000e+09,-6.807572755494174999e+01,-5.956855050804350071e+01
2.372592428000000000e+09,-6.816299991465842822e+01,-5.965582286776017895e+01
2.372599109000000000e+09,-6.957438551866795251e+01,-6.106720847176970324e+01
2.372605791000000000e+09,-6.758563467546856884e+01,-5.907845762857031957e+01
2.372612472000000000e+09,-6.797178976088369495e+01,-5.946461271398544568e+01
2.372619154000000000e+09,-6.577014010132526778e+01,-5.726296305442701851e+01
2.372625835000000000e+09,-6.916213544745065178e+01,-6.065495840055240251e+01
2.372632517000000000e+09,-6.859505478427543324e+01,-6.008787773737718396e+01
2.372639198000000000e+09,-6.824377939903837387e+01,-5.973660235214012459e+01
2.372645880000000000e+09,-6.793281486476799103e+01,-5.942563781786974175e+01
2.372652561000000000e+09,-7.028725923980645973e+01,-6.178008219290821046e+01
2.372659243000000000e+09,-6.838526403686259414e+01,-5.987808698996434487e+01
2.372665924000000000e+09,-6.785539131267594826e+01,-5.934821426577769898e+01
2.372672606000000000e+09,-6.840745935502120290e+01,-5.990028230812295362e+01
2.372679287000000000e+09,-7.056069296760416876e+01,-6.205351592070591948e+01
2.372685969000000000e+09,-6.848705358094436235e+01,-5.997987653404611308e+01
2.372692650000000000e+09,-6.844685582972861937e+01,-5.993967878283037010e+01
2.372699332000000000e+09,-6.912326588044183495e+01,-6.061608883354358568e+01
2.372706013000000000e+09,-7.089336710990423285e+01,-6.238619006300598357e+01
2.372712695000000000e+09,-7.045358977314415938e+01,-6.194641272624591011e+01
2.372719376000000000e+09,-6.891982200364834910e+01,-6.041264495675009982e+01
2.372726058000000000e+09,-6.980232540679098463e+01,-6.129514835989273536e+01
2.372732739000000000e+09,-7.025626607624496955e+01,-6.174908902934672028e+01
2.372739421000000000e+09,-6.996113235553157494e+01,-6.145395530863332567e+01
2.372746102000000000e+09,-7.069882148599562299e+01,-6.219164443909737372e+01
2.372752784000000000e+09,-6.815343221336004831e+01,-5.964625516646179904e+01
2.372759465000000000e+09,-6.976964453226814555e+01,-6.126246748536989628e+01
2.372766147000000000e+09,-6.992982419026326113e+01,-6.142264714336501186e+01
2.372772829000000000e+09,-7.025148312267940298e+01,-6.174430607578115371e+01
2.372779510000000000e+09,-6.895117765047741898e+01,-6.044400060357916971e+01
2.372786192000000000e+09,-7.047588338305035904e+01,-6.196870633615210977e+01
2.372792873000000000e+09,-7.083296657084729020e+01,-6.232578952394904093e+01
2.372799555000000000e+09,-6.993847928042885087e+01,-6.143130223353060160e+01
2.372806236000000000e+09,-7.011439279772048394e+01,-6.160721575082223467e+01
2.372812918000000000e+09,-7.061476408187817810e+01,-6.210758703497992883e+01
2.372819599000000000e+09,-6.875581180930475966e+01,-6.024863476240651039e+01
2.372826281000000000e+09,-7.074755778722492039e+01,-6.224038074032667112e+01
2.372832962000000000e+09,-6.890671988419811100e+01,-6.039954283729986173e+01
2.372839644000000000e+09,-6.956891076702527243e+01,-6.106173372012702316e+01
2.372846325000000000e+09,-6.929552903663132213e+01,-6.078835198973307286e+01
2.372853007000000000e+09,-7.013091097138432417e+01,-6.162373392448607490e+01
2.372859688000000000e+09,-6.939025922945985769e+01,-6.088308218256160842e+01
2.372866370000000000e+09,-6.772051119930692664e+01,-5.921333415240867737e+01
2.372873051000000000e+09,-6.924987480605834378e+01,-6.074269775916009451e+01
2.372879733000000000e+09,-6.992190174965782035e+01,-6.141472470275957107e+01
2.372886414000000000e+09,-6.808639486703958710e+01,-5.957921782014133782e+01
2.372893096000000000e+09,-7.020853469385762935e+01,-6.170135764695938008e+01
2.372899777000000000e+09,-7.060474609374396948e+01,-6.209756904684572021e+01
2.372906459000000000e+09,-6.881350457692821010e+01,-6.030632753002996083e+01
2.372913140000000000e+09,-7.021368213870036357e+01,-6.170650509180211429e+01
2.372919822000000000e+09,-7.085515457260214589e+01,-6.234797752570389662e+01
2.372926503000000000e+09,-6.861430352461843540e+01,-6.010712647772018613e+01
2.372933185000000000e+09,-7.017518128421389179e+01,-6.166800423731564251e+01
2.372939866000000000e+09,-6.747896382500744039e+01,-5.897178677810919112e+01
2.372946548000000000e+09,-6.999208856617002539e+01,-6.148491151927177611e+01
2.372953229000000000e+09,-7.100448977175508958e+01,-6.249731272485684030e+01
2.372959911000000000e+09,-7.039459326424210417e+01,-6.188741621734385490e+01
2.372966592000000000e+09,-6.959549356506349227e+01,-6.108831651816524300e+01
2.372973274000000000e+09,-7.137424227689916734e+01,-6.286706523000091806e+01
2.372979955000000000e+09,-6.888482391893813883e+01,-6.037764687203988956e+01
2.372986637000000000e+09,-6.800304925851662574e+01,-5.949587221161837647e+01
2.372993318000000000e+09,-6.692478340557433114e+01,-5.841760635867608187e+01
2.373000000000000000e+09,-6.727245214811817675e+01,-5.876527510121992748e+01
2.373006682000000000e+09,-6.690845595573742344e+01,-5.840127890883917416e+01
2.373013363000000000e+09,-6.851104264709788083e+01,-6.000386560019963156e+01
2.373020045000000000e+09,-6.930848446472998603e+01,-6.080130741783173676e+01
2.373026726000000000e+09,-6.745667748232469307e+01,-5.894950043542644380e+01
2.373033408000000000e+09,-6.733795524546795264e+01,-5.883077819856970336e+01
2.373040089000000000e+09,-6.984610630540528575e+01,-6.133892925850703648e+01
2.373046771000000000e+09,-6.847015825255138566e+01,-5.996298120565313639e+01
2.373053452000000000e+09,-6.804937187689937161e+01,-5.954219483000112234e+01
2.373060134000000000e+09,-6.745545178490240801e+01,-5.894827473800415873e+01
2.373066815000000000e+09,-7.099886796944571188e+01,-6.249169092254746261e+01
2.373073497000000000e+09,-7.047452264473555772e+01,-6.196734559783730845e+01
2.373080178000000000e+09,-6.869311970886990082e+01,-6.018594266197165155e+01
2.373086860000000000e+09,-6.998474785588061309e+01,-6.147757080898236381e+01
2.373093541000000000e+09,-6.874732679566812976e+01,-6.024014974876988049e+01
2.373100223000000000e+09,-6.962925541293924425e+01,-6.112207836604099498e+01
2.373106904000000000e+09,-6.845483663356148440e+01,-5.994765958666323513e+01
2.373113586000000000e+09,-6.949400621910163522e+01,-6.098682917220338595e+01
2.373120267000000000e+09,-6.959658947666953566e+01,-6.108941242977128638e+01
2.373126949000000000e+09,-6.826289220977133709e+01,-5.975571516287308782e+01
2.373133630000000000e+09,-7.065422784354899477e+01,-6.214705079665074550e+01
2.373140312000000000e+09,-6.987984515369616645e+01,-6.137266810679791718e+01
2.373146993000000000e+09,-7.051086327526385844e+01,-6.200368622836560917e+01
2.373153675000000000e+09,-6.985969083657964518e+01,-6.135251378968139591e+01
2.373160356000000000e+09,-7.058617539244545469e+01,-6.207899834554720542e+01
2.373167038000000000e+09,-6.931690749325917977e+01,-6.080973044636093050e+01
2.373173719000000000e+09,-6.960419696367202391e+01,-6.109701991677377464e+01
2.373180401000000000e+09,-6.787129188508552602e+01,-5.936411483818727675e+01
2.373187082000000000e+09,-6.837658978711372981e+01,-5.986941274021548054e+01
2.373193764000000000e+09,-6.897976838602951943e+01,-6.047259133913127016e+01
2.373200445000000000e+09,-6.914119096604862591e+01,-6.063401391915037664e+01
2.373207127000000000e+09,-6.865556570478092624e+01,-6.014838865788267697e+01
2.373213808000000000e+09,-6.830236660421645922e+01,-5.979518955731820995e+01
2.373220490000000000e+09,-6.783124788935926119e+01,-5.932407084246101192e+01
2.373227171000000000e+09,-6.851882606733161651e+01,-6.001164902043336724e+01
2.373233853000000000e+09,-6.871961360771297223e+01,-6.021243656081472295e+01
2.373240535000000000e+09,-6.861801687579213649e+01,-6.011083982889388722e+01
2.373247216000000000e+09,-7.167198788795781184e+01,-6.316481084105956256e+01
2.373253898000000000e+09,-6.908551127099039491e+01,-6.057833422409214563e+01
2.373260579000000000e+09,-7.032334469384127829e+01,-6.181616764694302901e+01
2.373267261000000000e+09,-7.015087053098100967e+01,-6.164369348408276039e+01
2.373273942000000000e+09,-7.056187638771315562e+01,-6.205469934081490635e+01
2.373280624000000000e+09,-6.843925688107366057e+01,-5.993207983417541129e+01
2.373287305000000000e+09,-7.089366361919114468e+01,-6.238648657229289540e+01
2.373293987000000000e+09,-7.113962729362023651e+01,-6.263245024672198724e+01
2.373300668000000000e+09,-6.734924122843682426e+01,-5.884206418153857499e+01
2.373307350000000000e+09,-6.975775857742500818e+01,-6.125058153052675891e+01
2.373314031000000000e+09,-6.823405726456391562e+01,-5.972688021766566635e+01
2.373320713000000000e+09,-6.776389837236429514e+01,-5.925672132546604587e+01
2.373327394000000000e+09,-7.000506469570547097e+01,-6.149788764880722169e+01
2.373334076000000000e+09,-6.951735716051126701e+01,-6.101018011361301774e+01
2.373340757000000000e+09,-6.882917065851817995e+01,-6.032199361161993068e+01
2.373347439000000000e+09,-6.936181007269331644e+01,-6.085463302579506717e+01
2.373354120000000000e+09,-6.924139871795556189e+01,-6.073422167105731262e+01
2.373360802000000000e+09,-7.141025966261688041e+01,-6.290308261571863113e+01
2.373367483000000000e+09,-6.893048168800940800e+01,-6.042330464111115873e+01
2.373374165000000000e+09,-7.041632874906736106e+01,-6.190915170216911179e+01
2.373380846000000000e+09,-6.834905786787018656e+01,-5.984188082097193728e+01
2.373387528000000000e+09,-6.624969474908840539e+01,-5.774251770219015611e+01
2.373394209000000000e+09,-6.949944055991471714e+01,-6.099226351301646787e+01
2.373400891000000000e+09,-6.971223662555235023e+01,-6.120505957865410096e+01
2.373407572000000000e+09,-6.871781273330779527e+01,-6.021063568640954600e+01
2.373414254000000000e+09,-7.130259890525955768e+01,-6.279542185836130841e+01
2.373420935000000000e+09,-7.112230942577039627e+01,-6.261513237887214700e+01
2.373427617000000000e+09,-6.840626357903690291e+01,-5.989908653213865364e+01
2.373434298000000000e+09,-7.106961599922075834e+01,-6.256243895232250907e+01
2.373440980000000000e+09,-7.128039605175345628e+01,-6.277321900485520700e+01
2.373447661000000000e+09,-7.001577966855860780e+01,-6.150860262166035852e+01
2.373454343000000000e+09,-6.966385841607628038e+01,-6.115668136917803110e+01
2.373461024000000000e+09,-6.927951348646750773e+01,-6.077233643956925846e+01
2.373467706000000000e+09,-6.969018439233629181e+01,-6.118300734543804253e+01
2.373474388000000000e+09,-6.987975257234822379e+01,-6.137257552544997452e+01
2.373481069000000000e+09,-6.884675273818955077e+01,-6.033957569129130150e+01
2.373487751000000000e+09,-6.881959398032942943e+01,-6.031241693343118015e+01
2.373494432000000000e+09,-6.985293324866839271e+01,-6.134575620177014343e+01
2.373501114000000000e+09,-6.866693879563231917e+01,-6.015976174873406990e+01
2.373507795000000000e+09,-6.956960132120671858e+01,-6.106242427430846931e+01
2.373514477000000000e+09,-6.913906809488061356e+01,-6.063189104798236428e+01
2.373521158000000000e+09,-6.787619474567941324e+01,-5.936901769878116397e+01
2.373527840000000000e+09,-6.999794252371442838e+01,-6.149076547681617910e+01
2.373534521000000000e+09,-7.062603846863041213e+01,-6.211886142173216285e+01
2.373541203000000000e+09,-6.881168823877369789e+01,-6.030451119187544862e+01
2.373547884000000000e+09,-6.970996183760779275e+01,-6.120278479070954347e+01
2.373554566000000000e+09,-6.954707431016522889e+01,-6.103989726326697962e+01
2.373561247000000000e+09,-6.979617510973179151e+01,-6.128899806283354224e+01
2.373567929000000000e+09,-7.137315747359008355e+01,-6.286598042669183428e+01
2.373574610000000000e+09,-7.168611256806697440e+01,-6.317893552116872513e+01
2.373581292000000000e+09,-7.024211961192732190e+01,-6.173494256502907263e+01
2.373587973000000000e+09,-6.957792676513936669e+01,-6.107074971824111742e+01
2.373594655000000000e+09,-7.011111089825094211e+01,-6.160393385135269284e+01
2.373601336000000000e+09,-7.015648091758681915e+01,-6.164930387068856987e+01
2.373608018000000000e+09,-7.037465802829822792e+01,-6.186748098139997865e+01
2.373614699000000000e+09,-6.997468381649066771e+01,-6.146750676959241844e+01
2.373621381000000000e+09,-6.852224980105344798e+01,-6.001507275415519871e+01
2.373628062000000000e+09,-6.804724754367562412e+01,-5.954007049677737484e+01
2.373634744000000000e+09,-6.753366424151523972e+01,-5.902648719461699045e+01
2.373641425000000000e+09,-7.050438759938646172e+01,-6.199721055248821244e+01
2.373648107000000000e+09,-7.053507580053677373e+01,-6.202789875363852445e+01
2.373654788000000000e+09,-7.087048437287879210e+01,-6.236330732598054283e+01
2.373661470000000000e+09,-7.144945175963297856e+01,-6.294227471273472929e+01
2.373668151000000000e+09,-6.896471859484810807e+01,-6.045754154794985880e+01
2.373674833000000000e+09,-6.987836674093378520e+01,-6.137118969403553592e+01
2.373681514000000000e+09,-6.911726043466495639e+01,-6.061008338776670712e+01
2.373688196000000000e+09,-6.799725813180967293e+01,-5.949008108491142366e+01
2.373694878000000000e+09,-6.920948192769289165e+01,-6.070230488079464237e+01
2.373701559000000000e+09,-7.027067010271989034e+01,-6.176349305582164106e+01
2.373708241000000000e+09,-6.881135887200110801e+01,-6.030418182510285874e+01
2.373714922000000000e+09,-7.031091293577040346e+01,-6.180373588887215419e+01
2.373721604000000000e+09,-6.994822454647908216e+01,-6.144104749958083289e+01
2.373728285000000000e+09,-6.961310538439387585e+01,-6.110592833749562658e+01
2.373734967000000000e+09,-6.862035191717902194e+01,-6.011317487028077267e+01
2.373741648000000000e+09,-6.875487262430051771e+01,-6.024769557740226844e+01
2.373748330000000000e+09,-6.930624681012577071e+01,-6.079906976322752143e+01
2.373755011000000000e+09,-6.991478155433145503e+01,-6.140760450743320575e+01
2.373761693000000000e+09,-7.161792718772230160e+01,-6.311075014082405232e+01
2.373768374000000000e+09,-6.857982876548297213e+01,-6.007265171858472286e+01
2.373775056000000000e+09,-6.791752609870998469e+01,-5.941034905181173542e+01
2.373781737000000000e+09,-7.016754067130734995e+01,-6.166036362440910068e+01
2.373788419000000000e+09,-7.176466074720188715e+01,-6.325748370030363787e+01
2.373795100000000000e+09,-6.906362045647549053e+01,-6.055644340957724125e+01
2.373801782000000000e+09,-6.884732768209634912e+01,-6.034015063519809985e+01
2.373808463000000000e+09,-7.019153287190661672e+01,-6.168435582500836745e+01
2.373815145000000000e+09,-7.039961168365618960e+01,-6.189243463675794032e+01
2.373821826000000000e+09,-7.104750400045085712e+01,-6.254032695355260785e+01
2.373828508000000000e+09,-7.038607821951185883e+01,-6.187890117261360956e+01
2.373835189000000000e+09,-6.921197564557601822e+01,-6.070479859867776895e+01
2.373841871000000000e+09,-7.083420163511212309e+01,-6.232702458821387381e+01
2.373848552000000000e+09,-6.892209602382051514e+01,-6.041491897692226587e+01
2.373855234000000000e+09,-6.913118171154067682e+01,-6.062400466464242754e+01
2.373861915000000000e+09,-7.178685666910298835e+01,-6.327967962220473908e+01
2.373868597000000000e+09,-7.094352832413683529e+01,-6.243635127723858602e+01
2.373875278000000000e+09,-7.099943124347318246e+01,-6.249225419657493319e+01
2.373881960000000000e+09,-6.947161864242646345e+01,-6.096444159552821418e+01
2.373888641000000000e+09,-6.942264174706356528e+01,-6.091546470016531600e+01
2.373895323000000000e+09,-7.151913118533526870e+01,-6.301195413843701942e+01
2.373902004000000000e+09,-7.032516353466006365e+01,-6.181798648776181437e+01
2.373908686000000000e+09,-7.092655575426073256e+01,-6.241937870736248328e+01
2.373915367000000000e+09,-6.996054215327632164e+01,-6.145336510637807237e+01
2.373922049000000000e+09,-7.066339999833284935e+01,-6.215622295143460008e+01
2.373928731000000000e+09,-6.897034541924035977e+01,-6.046316837234211050e+01
2.373935412000000000e+09,-7.001023585319043718e+01,-6.150305880629218791e+01
2.373942094000000000e+09,-6.988588155768798060e+01,-6.137870451078973133e+01
2.373948775000000000e+09,-7.011599515838378238e+01,-6.160881811148553311e+01
2.373955457000000000e+09,-6.988778966972392936e+01,-6.138061262282568009e+01
2.373962138000000000e+09,-7.033030180771277173e+01,-6.182312476081452246e+01
2.373968820000000000e+09,-6.989881707746009454e+01,-6.139164003056184526e+01
2.373975501000000000e+09,-7.094173704438580330e+01,-6.243455999748755403e+01
2.373982183000000000e+09,-7.218161260325720718e+01,-6.367443555635895791e+01
2.373988864000000000e+09,-6.891829134715388250e+01,-6.041111430025563322e+01
2.373995546000000000e+09,-6.899187367526718617e+01,-6.048469662836893690e+01
2.374002227000000000e+09,-7.064043971353913776e+01,-6.213326266664088848e+01
2.374008909000000000e+09,-6.969938046281751554e+01,-6.119220341591926626e+01
2.374015590000000000e+09,-6.917059499469310424e+01,-6.066341794779485497e+01
2.374022272000000000e+09,-7.043778181200380573e+01,-6.193060476510555645e+01
2.374028953000000000e+09,-7.059115949127441070e+01,-6.208398244437616142e+01
2.374035635000000000e+09,-7.235948796969303487e+01,-6.385231092279478560e+01
2.374042316000000000e+09,-7.141648621526444174e+01,-6.290930916836619247e+01
2.374048998000000000e+09,-6.959524977531144430e+01,-6.108807272841319502e+01
2.374055679000000000e+09,-7.119596190950292680e+01,-6.268878486260467753e+01
2.374062361000000000e+09,-7.006130273398566999e+01,-6.155412568708742072e+01
2.374069042000000000e+09,-6.880196814194754040e+01,-6.029479109504929113e+01
2.374075724000000000e+09,-6.999304048354842678e+01,-6.148586343665017750e+01
2.374082405000000000e+09,-6.843960246647425549e+01,-5.993242541957600622e+01
2.374089087000000000e+09,-7.087309670194150613e+01,-6.236591965504325685e+01
2.374095768000000000e+09,-6.929312700628968003e+01,-6.078594995939143075e+01
2.374102450000000000e+09,-6.811429643299351255e+01,-5.960711938609526328e+01
2.374109131000000000e+09,-6.836179961722572784e+01,-5.985462257032747857e+01
2.374115813000000000e+09,-6.938123639477039717e+01,-6.087405934787214790e+01
2.374122494000000000e+09,-6.989144648687502581e+01,-6.138426943997677654e+01
2.374129176000000000e+09,-7.118163436156592638e+01,-6.267445731466767711e+01
2.374135857000000000e+09,-6.964501192984212707e+01,-6.113783488294387780e+01
2.374142539000000000e+09,-6.967390267354714695e+01,-6.116672562664889767e+01
2.374149220000000000e+09,-7.206402566459038894e+01,-6.355684861769213967e+01
2.374155902000000000e+09,-6.915633351179725707e+01,-6.064915646489900780e+01
2.374162584000000000e+09,-7.078398111470949061e+01,-6.227680406781124134e+01
2.374169265000000000e+09,-7.110178436956176995e+01,-6.259460732266352068e+01
2.374175947000000000e+09,-6.912705901977392386e+01,-6.061988197287567459e+01
2.374182628000000000e+09,-6.955062158529004535e+01,-6.104344453839179607e+01
2.374189310000000000e+09,-6.965356888145294079e+01,-6.114639183455469151e+01
2.374195991000000000e+09,-6.792679953926045755e+01,-5.941962249236220828e+01
2.374202673000000000e+09,-6.981209421580692265e+01,-6.130491716890867337e+01
2.374209354000000000e+09,-6.744057572582096327e+01,-5.893339867892271400e+01
2.374216036000000000e+09,-7.162421667890079391e+01,-6.311703963200254464e+01
2.374222717000000000e+09,-7.079717146922347126e+01,-6.228999442232522199e+01
2.374229399000000000e+09,-6.985635896350639484e+01,-6.134918191660814557e+01
2.374236080000000000e+09,-7.050397833992640528e+01,-6.199680129302815601e+01
2.374242762000000000e+09,-7.052614507753918360e+01,-6.201896803064093433e+01
2.374249443000000000e+09,-7.025826556460674510e+01,-6.175108851770849583e+01
2.374256125000000000e+09,-7.297254440828990596e+01,-6.446536736139165669e+01
2.374262806000000000e+09,-7.032702239634872399e+01,-6.181984534945047471e+01
2.374269488000000000e+09,-7.186998092241313429e+01,-6.336280387551488502e+01
2.374276169000000000e+09,-7.227492542485094873e+01,-6.376774837795269946e+01
2.374282851000000000e+09,-7.156490735836406714e+01,-6.305773031146581786e+01
2.374289532000000000e+09,-7.013372556148775061e+01,-6.162654851458950134e+01
2.374296214000000000e+09,-6.909336518625673307e+01,-6.058618813935848380e+01
2.374302895000000000e+09,-7.064847480689300596e+01,-6.214129775999475669e+01
2.374309577000000000e+09,-6.948835320316840125e+01,-6.098117615627015198e+01
2.374316258000000000e+09,-6.959158581138306943e+01,-6.108440876448482015e+01
2.374322940000000000e+09,-7.032199825089946899e+01,-6.181482120400121971e+01
2.374329621000000000e+09,-6.827393121534467468e+01,-5.976675416844642541e+01
2.374336303000000000e+09,-6.915297263338007383e+01,-6.064579558648182456e+01
2.374342984000000000e+09,-6.852564765126751922e+01,-6.001847060436926995e+01
2.374349666000000000e+09,-6.828321386411462868e+01,-5.977603681721637940e+01
2.374356347000000000e+09,-7.117058859496728473e+01,-6.266341154806903546e+01
2.374363029000000000e+09,-7.032296569606552339e+01,-6.181578864916727412e+01
2.374369710000000000e+09,-7.010256875544720856e+01,-6.159539170854895929e+01
2.374376392000000000e+09,-7.007263146057051983e+01,-6.156545441367227056e+01
2.374383073000000000e+09,-7.172890637883685372e+01,-6.322172933193860445e+01
2.374389755000000000e+09,-7.007402452289190364e+01,-6.156684747599365437e+01
2.374396437000000000e+09,-7.255878664690408186e+01,-6.405160960000583259e+01
2.374403118000000000e+09,-6.944505846793521187e+01,-6.093788142103696259e+01
2.374409800000000000e+09,-6.799119945143625898e+01,-5.948402240453800971e+01
2.374416481000000000e+09,-7.117877847025000904e+01,-6.267160142335175976e+01
2.374423163000000000e+09,-7.194795413853002231e+01,-6.344077709163177303e+01
2.374429844000000000e+09,-7.189314548309640429e+01,-6.338596843619815502e+01
2.374436526000000000e+09,-7.145152335344479866e+01,-6.294434630654654939e+01
2.374443207000000000e+09,-7.075855698019273632e+01,-6.225137993329448705e+01
2.374449889000000000e+09,-7.025156560935963057e+01,-6.174438856246138130e+01
2.374456570000000000e+09,-7.084614652471285012e+01,-6.233896947781460085e+01
2.374463252000000000e+09,-7.149336210503496147e+01,-6.298618505813671220e+01
2.374469933000000000e+09,-7.021236665863642656e+01,-6.170518961173817729e+01
2.374476615000000000e+09,-7.072107184356136145e+01,-6.221389479666311217e+01
2.374483296000000000e+09,-6.972021160834677289e+01,-6.121303456144852362e+01
2.374489978000000000e+09,-6.892339785803299890e+01,-6.041622081113474962e+01
2.374496659000000000e+09,-7.033914718647805842e+01,-6.183197013957980914e+01
2.374503341000000000e+09,-7.015096934065525147e+01,-6.164379229375700220e+01
2.374510022000000000e+09,-7.037820472932213534e+01,-6.187102768242388606e+01
2.374516704000000000e+09,-6.872057878751554938e+01,-6.021340174061730011e+01
2.374523385000000000e+09,-6.861921257580218025e+01,-6.011203552890393098e+01
2.374530067000000000e+09,-6.930113873151726978e+01,-6.079396168461902050e+01
2.374536748000000000e+09,-7.214144505589209189e+01,-6.363426800899384261e+01
2.374543430000000000e+09,-7.105950957128857226e+01,-6.255233252439032299e+01
2.374550111000000000e+09,-7.013658071008664763e+01,-6.162940366318839835e+01
2.374556793000000000e+09,-6.996904591372069149e+01,-6.146186886682244221e+01
2.374563474000000000e+09,-7.220074399724356340e+01,-6.369356695034531413e+01
2.374570156000000000e+09,-7.235832247632869496e+01,-6.385114542943044569e+01
2.374576837000000000e+09,-7.046123303564560558e+01,-6.195405598874735631e+01
2.374583519000000000e+09,-7.228245455570987588e+01,-6.377527750881162660e+01
2.374590200000000000e+09,-7.071726675594204892e+01,-6.221008970904379964e+01
2.374596882000000000e+09,-7.071198685533545358e+01,-6.220480980843720431e+01
2.374603563000000000e+09,-7.335195432199961374e+01,-6.484477727510136447e+01
2.374610245000000000e+09,-6.931262520997168508e+01,-6.080544816307343581e+01
2.374616927000000000e+09,-7.060108500480855298e+01,-6.209390795791030371e+01
2.374623608000000000e+09,-6.826204299581797841e+01,-5.975486594891972914e+01
2.374630290000000000e+09,-6.862329068757139794e+01,-6.011611364067314867e+01
2.374636971000000000e+09,-6.960748113342761201e+01,-6.110030408652936273e+01
2.374643653000000000e+09,-6.999889772427545154e+01,-6.149172067737720226e+01
2.374650334000000000e+09,-7.091850480487835284e+01,-6.241132775798010357e+01
2.374657016000000000e+09,-7.041318458845532291e+01,-6.190600754155707364e+01
2.374663697000000000e+09,-7.082849875133548778e+01,-6.232132170443723851e+01
2.374670379000000000e+09,-6.973405833290728140e+01,-6.122688128600903212e+01
2.374677060000000000e+09,-7.167644477840086381e+01,-6.316926773150261454e+01
2.374683742000000000e+09,-6.980871150709165818e+01,-6.130153446019340890e+01
2.374690423000000000e+09,-7.045771368948730640e+01,-6.195053664258905712e+01
2.374697105000000000e+09,-7.027485683818372308e+01,-6.176767979128547381e+01
2.374703786000000000e+09,-7.036987127079002846e+01,-6.186269422389177919e+01
2.374710468000000000e+09,-7.147838610853125374e+01,-6.297120906163300447e+01
2.374717149000000000e+09,-7.178881490555649236e+01,-6.328163785865824309e+01
2.374723831000000000e+09,-7.203464143795160624e+01,-6.352746439105335696e+01
2.374730512000000000e+09,-7.111792471337572863e+01,-6.261074766647747936e+01
2.374737194000000000e+09,-7.150168025545413286e+01,-6.299450320855588359e+01
2.374743875000000000e+09,-7.209394224633039983e+01,-6.358676519943215055e+01
2.374750557000000000e+09,-7.042525571197843703e+01,-6.191807866508018776e+01
2.374757238000000000e+09,-6.882178219231144567e+01,-6.031460514541319640e+01
2.374763920000000000e+09,-6.768296348440770771e+01,-5.917578643750945844e+01
2.374770601000000000e+09,-7.073429467023284190e+01,-6.222711762333459262e+01
2.374777283000000000e+09,-7.057699034833039775e+01,-6.206981330143214848e+01
2.374783964000000000e+09,-7.080048199083685745e+01,-6.229330494393860818e+01
2.374790646000000000e+09,-7.044949394266564013e+01,-6.194231689576739086e+01
2.374797327000000000e+09,-7.012848111177044075e+01,-6.162130406487219147e+01
2.374804009000000000e+09,-7.070921597865105923e+01,-6.220203893175280996e+01
2.374810690000000000e+09,-7.002782519984073417e+01,-6.152064815294248490e+01
2.374817372000000000e+09,-7.269475508783889950e+01,-6.418757804094065023e+01
2.374824053000000000e+09,-6.939889925092674616e+01,-6.089172220402849689e+01
2.374830735000000000e+09,-6.865366443851758049e+01,-6.014648739161933122e+01
2.374837416000000000e+09,-7.117242564692114115e+01,-6.266524860002289188e+01
2.374844098000000000e+09,-7.055965398338946670e+01,-6.205247693649121743e+01
2.374850780000000000e+09,-6.986279153773747908e+01,-6.135561449083922980e+01
2.374857461000000000e+09,-7.071287325008934488e+01,-6.220569620319109561e+01
2.374864143000000000e+09,-6.964669439126821260e+01,-6.113951734436996333e+01
2.374870824000000000e+09,-7.011691738778397109e+01,-6.160974034088572182e+01
2.374877506000000000e+09,-7.222178512036344955e+01,-6.371460807346520028e+01
2.374884187000000000e+09,-7.142449654476931187e+01,-6.291731949787106259e+01
2.374890869000000000e+09,-7.004813109258635961e+01,-6.154095404568811034e+01
2.374897550000000000e+09,-7.074535289622977530e+01,-6.223817584933152602e+01
2.374904232000000000e+09,-7.004054304279704013e+01,-6.153336599589879086e+01
2.374910913000000000e+09,-6.959964463889826902e+01,-6.109246759200001975e+01
2.374917595000000000e+09,-7.003387832024498039e+01,-6.152670127334673111e+01
2.374924276000000000e+09,-7.123299432426634326e+01,-6.272581727736809398e+01
2.374930958000000000e+09,-7.050285359980523481e+01,-6.199567655290698553e+01
2.374937639000000000e+09,-7.005435951132007233e+01,-6.154718246442182306e+01
2.374944321000000000e+09,-7.105437770271761622e+01,-6.254720065581936694e+01
2.374951002000000000e+09,-7.188652426724912914e+01,-6.337934722035087987e+01
2.374957684000000000e+09,-6.981170254556241161e+01,-6.130452549866416234e+01
2.374964365000000000e+09,-6.954172218516502824e+01,-6.103454513826677896e+01
2.374971047000000000e+09,-7.075591187693538586e+01,-6.224873483003713659e+01
2.374977728000000000e+09,-6.901681297762257827e+01,-6.050963593072432900e+01
2.374984410000000000e+09,-6.966627427347948753e+01,-6.115909722658123826e+01
2.374991091000000000e+09,-7.006436365973023328e+01,-6.155718661283198401e+01
2.374997773000000000e+09,-7.022413472817470392e+01,-6.171695768127645465e+01
2.375004454000000000e+09,-7.103894717747269283e+01,-6.253177013057444356e+01
2.375011136000000000e+09,-7.230899534679204521e+01,-6.380181829989379594e+01
2.375017817000000000e+09,-7.071020610383570215e+01,-6.220302905693745288e+01
2.375024499000000000e+09,-7.124436480780980219e+01,-6.273718776091155291e+01
2.375031180000000000e+09,-7.017594882806622536e+01,-6.166877178116797609e+01
2.375037862000000000e+09,-7.107584303952005200e+01,-6.256866599262180273e+01
2.375044543000000000e+09,-7.038784570309979927e+01,-6.188066865620154999e+01
2.375051225000000000e+09,-7.080978519153201489e+01,-6.230260814463376562e+01
2.375057906000000000e+09,-7.319318973803619599e+01,-6.468601269113794672e+01
2.375064588000000000e+09,-7.064646601322340302e+01,-6.213928896632515375e+01
2.375071269000000000e+09,-7.051773880940709205e+01,-6.201056176250884278e+01
2.375077951000000000e+09,-6.950930146178895086e+01,-6.100212441489070159e+01
2.375084633000000000e+09,-7.168503537846257245e+01,-6.317785833156432318e+01
2.375091314000000000e+09,-7.148724538477974022e+01,-6.298006833788149095e+01
2.375097996000000000e+09,-7.356667964245062308e+01,-6.505950259555237380e+01
2.375104677000000000e+09,-7.185230124120676010e+01,-6.334512419430851082e+01
2.375111359000000000e+09,-7.271782063732386803e+01,-6.421064359042561875e+01
2.375118040000000000e+09,-7.147853341440530528e+01,-6.297135636750705601e+01
2.375124722000000000e+09,-7.186252548068605961e+01,-6.335534843378781034e+01
2.375131403000000000e+09,-7.373747689757929891e+01,-6.523029985068104963e+01
2.375138085000000000e+09,-7.357471104609265922e+01,-6.506753399919440994e+01
2.375144766000000000e+09,-7.112836390793989949e+01,-6.262118686104165022e+01
2.375151448000000000e+09,-7.277127002411012313e+01,-6.426409297721187386e+01
2.375158129000000000e+09,-7.189134084655810852e+01,-6.338416379965985925e+01
2.375164811000000000e+09,-7.303665192403879303e+01,-6.452947487714054375e+01
2.375171492000000000e+09,-6.849561167727414102e+01,-5.998843463037589174e+01
2.375178174000000000e+09,-7.076400941651139931e+01,-6.225683236961315004e+01
2.375184855000000000e+09,-7.225177680842901395e+01,-6.374459976153076468e+01
2.375191537000000000e+09,-7.091068603618650457e+01,-6.240350898928825529e+01
2.375198218000000000e+09,-7.147342834856785032e+01,-6.296625130166960105e+01
2.375204900000000000e+09,-7.138348510203496744e+01,-6.287630805513671817e+01
2.375211581000000000e+09,-7.155298958423622935e+01,-6.304581253733798007e+01
2.375218263000000000e+09,-7.168856549230662267e+01,-6.318138844540837340e+01
2.375224944000000000e+09,-7.117835150132164301e+01,-6.267117445442339374e+01
2.375231626000000000e+09,-7.214077152967047368e+01,-6.363359448277222441e+01
2.375238307000000000e+09,-7.126895959878878273e+01,-6.276178255189053345e+01
2.375244989000000000e+09,-7.230935388263080199e+01,-6.380217683573255272e+01
2.375251670000000000e+09,-7.098496178632319697e+01,-6.247778473942494770e+01
2.375258352000000000e+09,-7.094344462776733451e+01,-6.243626758086908524e+01
2.375265033000000000e+09,-7.222994584360131398e+01,-6.372276879670306471e+01
2.375271715000000000e+09,-6.988374788878702759e+01,-6.137657084188877832e+01
2.375278396000000000e+09,-6.993444813394300752e+01,-6.142727108704475825e+01
2.375285078000000000e+09,-7.204552268352573208e+01,-6.353834563662748280e+01
2.375291759000000000e+09,-7.221711460649012793e+01,-6.370993755959187865e+01
2.375298441000000000e+09,-7.216779702711471600e+01,-6.366061998021646673e+01
2.375305122000000000e+09,-7.056674639337404642e+01,-6.205956934647579715e+01
2.375311804000000000e+09,-7.133642768674184254e+01,-6.282925063984359326e+01
2.375318486000000000e+09,-7.115323856970587713e+01,-6.264606152280762785e+01
2.375325167000000000e+09,-7.255983885610557138e+01,-6.405266180920732211e+01
2.375331849000000000e+09,-7.213969921148807884e+01,-6.363252216458982957e+01
2.375338530000000000e+09,-7.097665749247573785e+01,-6.246948044557748858e+01
2.375345212000000000e+09,-6.976108478401604884e+01,-6.125390773711779957e+01
2.375351893000000000e+09,-6.923503403092027497e+01,-6.072785698402202570e+01
2.375358575000000000e+09,-7.073948603510535804e+01,-6.223230898820710877e+01
2.375365256000000000e+09,-7.043359977417298978e+01,-6.192642272727474051e+01
2.375371938000000000e+09,-7.122361853167909373e+01,-6.271644148478084446e+01
2.375378619000000000e+09,-7.216169221107601572e+01,-6.365451516417776645e+01
2.375385301000000000e+09,-7.333124404100387039e+01,-6.482406699410562112e+01
2.375391982000000000e+09,-7.251883781965969433e+01,-6.401166077276144506e+01
2.375398664000000000e+09,-7.316843160646872946e+01,-6.466125455957048018e+01
2.375405345000000000e+09,-7.253402105475015560e+01,-6.402684400785190633e+01
2.375412027000000000e+09,-7.351053645508272893e+01,-6.500335940818447966e+01
2.375418708000000000e+09,-7.310075737142368268e+01,-6.459358032452543341e+01
2.375425390000000000e+09,-7.036580971496366033e+01,-6.185863266806541105e+01
2.375432071000000000e+09,-7.352720115634355125e+01,-6.502002410944530197e+01
2.375438753000000000e+09,-7.213438753262104797e+01,-6.362721048572279869e+01
2.375445434000000000e+09,-7.063593774824697391e+01,-6.212876070134872464e+01
2.375452116000000000e+09,-7.015530711653633489e+01,-6.164813006963808562e+01
2.375458797000000000e+09,-6.974226566733537425e+01,-6.123508862043712497e+01
2.375465479000000000e+09,-7.143578692471822933e+01,-6.292860987781998006e+01
2.375472160000000000e+09,-7.200679935978668311e+01,-6.349962231288843384e+01
2.375478842000000000e+09,-7.218972772521962611e+01,-6.368255067832137684e+01
2.375485523000000000e+09,-7.079876635708630772e+01,-6.229158931018805845e+01
2.375492205000000000e+09,-7.167709270266895771e+01,-6.316991565577070844e+01
2.375498886000000000e+09,-7.192299343963335900e+01,-6.341581639273510973e+01
2.375505568000000000e+09,-7.166937522872750321e+01,-6.316219818182925394e+01
2.375512249000000000e+09,-7.229486137609384855e+01,-6.378768432919559928e+01
2.375518931000000000e+09,-7.248527921624524595e+01,-6.397810216934699667e+01
2.375525612000000000e+09,-7.174302683826698512e+01,-6.323584979136873585e+01
2.375532294000000000e+09,-7.145380970861802439e+01,-6.294663266171977511e+01
2.375538976000000000e+09,-7.019377639230275179e+01,-6.168659934540450251e+01
2.375545657000000000e+09,-7.223029600102877623e+01,-6.372311895413052696e+01
2.375552339000000000e+09,-7.082094225389556641e+01,-6.231376520699731714e+01
2.375559020000000000e+09,-7.066320906659790069e+01,-6.215603201969965141e+01
2.375565702000000000e+09,-7.223355136375083418e+01,-6.372637431685258491e+01
2.375572383000000000e+09,-7.154950846608618065e+01,-6.304233141918793137e+01
2.375579065000000000e+09,-7.243268996541651461e+01,-6.392551291851826534e+01
2.375585746000000000e+09,-7.128351572723400409e+01,-6.277633868033575482e+01
2.375592428000000000e+09,-7.104305917181272889e+01,-6.253588212491447962e+01
2.375599109000000000e+09,-7.174120812040223427e+01,-6.323403107350398500e+01
2.375605791000000000e+09,-7.121231774940190462e+01,-6.270514070250365535e+01
2.375612472000000000e+09,-7.113755920793396115e+01,-6.263038216103571187e+01
2.375619154000000000e+09,-7.091327444329994023e+01,-6.240609739640169096e+01
2.375625835000000000e+09,-7.296087702025745614e+01,-6.445369997335920687e+01
2.375632517000000000e+09,-7.214278594151495838e+01,-6.363560889461670911e+01
2.375639198000000000e+09,-7.180928109535696535e+01,-6.330210404845871608e+01
2.375645880000000000e+09,-7.163648778084551338e+01,-6.312931073394726411e+01
2.375652561000000000e+09,-7.106743246344903753e+01,-6.256025541655078825e+01
2.375659243000000000e+09,-7.109514993654393322e+01,-6.258797288964568395e+01
2.375665924000000000e+09,-7.164964676506743047e+01,-6.314246971816918119e+01
2.375672606000000000e+09,-7.123286308532273381e+01,-6.272568603842448454e+01
2.375679287000000000e+09,-7.089487122360020521e+01,-6.238769417670195594e+01
2.375685969000000000e+09,-7.285924238089869220e+01,-6.435206533400044293e+01
2.375692650000000000e+09,-7.069458730742314856e+01,-6.218741026052489929e+01
2.375699332000000000e+09,-7.168981223775907097e+01,-6.318263519086082169e+01
2.375706013000000000e+09,-7.237868676656501066e+01,-6.387150971966676138e+01
2.375712695000000000e+09,-7.315987500056667159e+01,-6.465269795366842231e+01
2.375719376000000000e+09,-7.091171042477300546e+01,-6.240453337787475618e+01
2.375726058000000000e+09,-7.096753627570319622e+01,-6.246035922880494695e+01
2.375732739000000000e+09,-7.127520127555445129e+01,-6.276802422865620201e+01
2.375739421000000000e+09,-7.026158203635496591e+01,-6.175440498945671663e+01
2.375746102000000000e+09,-7.083410999041916511e+01,-6.232693294352091584e+01
2.375752784000000000e+09,-7.114332071074341002e+01,-6.263614366384516075e+01
2.375759465000000000e+09,-7.151359800987481208e+01,-6.300642096297656281e+01
2.375766147000000000e+09,-7.021206449197551080e+01,-6.170488744507726153e+01
2.375772829000000000e+09,-7.116599622404264380e+01,-6.265881917714439453e+01
2.375779510000000000e+09,-7.046223331635448517e+01,-6.195505626945623590e+01
2.375786192000000000e+09,-7.223345714472613111e+01,-6.372628009782788183e+01
2.375792873000000000e+09,-7.193913531526344229e+01,-6.343195826836519302e+01
2.375799555000000000e+09,-7.012609614582457596e+01,-6.161891909892632668e+01
2.375806236000000000e+09,-6.921662189145618527e+01,-6.070944484455793599e+01
2.375812918000000000e+09,-7.240806903199325006e+01,-6.390089198509500079e+01
2.375819599000000000e+09,-7.190535049618603125e+01,-6.339817344928778198e+01
2.375826281000000000e+09,-7.311815464786820939e+01,-6.461097760096996012e+01
2.375832962000000000e+09,-7.092572517059325321e+01,-6.241854812369500394e+01
2.375839644000000000e+09,-7.192193506101533274e+01,-6.341475801411708346e+01
2.375846325000000000e+09,-7.124577592816268634e+01,-6.273859888126443707e+01
2.375853007000000000e+09,-7.082527314166200938e+01,-6.231809609476376011e+01
2.375859688000000000e+09,-7.323468347252664046e+01,-6.472750642562839118e+01
2.375866370000000000e+09,-7.294331422891146133e+01,-6.443613718201321205e+01
2.375873051000000000e+09,-7.169087983170969380e+01,-6.318370278481144453e+01
2.375879733000000000e+09,-7.038190011907077803e+01,-6.187472307217252876e+01
2.375886414000000000e+09,-7.127657491617003416e+01,-6.276939786927178488e+01
2.375893096000000000e+09,-7.190380983215744948e+01,-6.339663278525920020e+01
2.375899777000000000e+09,-7.047416767123253578e+01,-6.196699062433428651e+01
2.375906459000000000e+09,-7.071294120279003437e+01,-6.220576415589178509e+01
2.375913140000000000e+09,-7.071154979883780811e+01,-6.220437275193955884e+01
2.375919822000000000e+09,-7.099086233848814231e+01,-6.248368529158989304e+01
2.375926503000000000e+09,-7.189205127182779620e+01,-6.338487422492954693e+01
2.375933185000000000e+09,-7.230583299038008249e+01,-6.379865594348183322e+01
2.375939866000000000e+09,-7.122085054348207223e+01,-6.271367349658382295e+01
2.375946548000000000e+09,-7.309212438391121225e+01,-6.458494733701296298e+01
2.375953229000000000e+09,-7.262758495103309997e+01,-6.412040790413485070e+01
2.375959911000000000e+09,-7.214683809128248981e+01,-6.363966104438424054e+01
2.375966592000000000e+09,-7.148562795995759700e+01,-6.297845091305934773e+01
2.375973274000000000e+09,-6.982654552186434671e+01,-6.131936847496609744e+01
2.375979955000000000e+09,-6.920111936876406844e+01,-6.069394232186581917e+01
2.375986637000000000e+09,-7.128146764786900746e+01,-6.277429060097075819e+01
2.375993318000000000e+09,-7.082110916236244691e+01,-6.231393211546419764e+01
2.376000000000000000e+09,-7.126936519173008833e+01,-6.276218814483183905e+01
2.376006682000000000e+09,-7.036715248051837079e+01,-6.185997543362012152e+01
2.376013363000000000e+09,-7.030958712916152820e+01,-6.180241008226327892e+01
2.376020045000000000e+09,-7.123249976662692973e+01,-6.272532271972868045e+01
2.376026726000000000e+09,-7.092663656887623347e+01,-6.241945952197798420e+01
2.376033408000000000e+09,-7.139918876258772684e+01,-6.289201171568947757e+01
2.376040089000000000e+09,-7.183961000778214157e+01,-6.333243296088389229e+01
2.376046771000000000e+09,-7.059669434299937052e+01,-6.208951729610112125e+01
2.376053452000000000e+09,-7.183993645116498783e+01,-6.333275940426673856e+01
2.376060134000000000e+09,-6.917443113735546945e+01,-6.066725409045722017e+01
2.376066815000000000e+09,-6.981413037344745476e+01,-6.130695332654920549e+01
2.376073497000000000e+09,-7.091867645653788088e+01,-6.241149940963963161e+01
2.376080178000000000e+09,-7.050059594565639998e+01,-6.199341889875815070e+01
2.376086860000000000e+09,-7.233819180631559220e+01,-6.383101475941734293e+01
2.376093541000000000e+09,-7.236726964231107218e+01,-6.386009259541282290e+01
2.376100223000000000e+09,-7.144763960067842845e+01,-6.294046255378017918e+01
2.376106904000000000e+09,-7.229746408243194367e+01,-6.379028703553369439e+01
2.376113586000000000e+09,-7.118278752357713302e+01,-6.267561047667888374e+01
2.376120267000000000e+09,-7.195734074340423092e+01,-6.345016369650598165e+01
2.376126949000000000e+09,-7.215803578430114840e+01,-6.365085873740289912e+01
2.376133630000000000e+09,-7.380938986696935444e+01,-6.530221282007110517e+01
2.376140312000000000e+09,-7.344889241929188017e+01,-6.494171537239363090e+01
2.376146993000000000e+09,-7.102491468546847386e+01,-6.251773763857022459e+01
2.376153675000000000e+09,-7.233044931904466068e+01,-6.382327227214641141e+01
2.376160356000000000e+09,-7.263777196720100449e+01,-6.413059492030275521e+01
2.376167038000000000e+09,-7.345746714608841899e+01,-6.495029009919016971e+01
2.376173719000000000e+09,-7.305393907444893387e+01,-6.454676202755068459e+01
2.376180401000000000e+09,-7.310528731442721551e+01,-6.459811026752896623e+01
2.376187082000000000e+09,-7.083120754196160362e+01,-6.232403049506335435e+01
2.376193764000000000e+09,-7.130989981957233681e+01,-6.280272277267408754e+01
2.376200445000000000e+09,-7.257456610468153713e+01,-6.406738905778328785e+01
2.376207127000000000e+09,-6.917296377200693769e+01,-6.066578672510868842e+01
2.376213808000000000e+09,-7.030327956209889351e+01,-6.179610251520064423e+01
2.376220490000000000e+09,-7.004752420311960748e+01,-6.154034715622135820e+01
2.376227171000000000e+09,-7.125035066641029857e+01,-6.274317361951204930e+01
2.376233853000000000e+09,-7.244521318665154297e+01,-6.393803613975329370e+01
2.376240535000000000e+09,-7.084978669984502631e+01,-6.234260965294677703e+01
2.376247216000000000e+09,-7.093776711874157570e+01,-6.243059007184332643e+01
2.376253898000000000e+09,-7.331576273533929111e+01,-6.480858568844104184e+01
2.376260579000000000e+09,-7.096038186729201414e+01,-6.245320482039376486e+01
2.376267261000000000e+09,-7.101160280515458112e+01,-6.250442575825633185e+01
2.376273942000000000e+09,-7.245928898750283054e+01,-6.395211194060458126e+01
2.376280624000000000e+09,-7.218916229781120819e+01,-6.368198525091295892e+01
2.376287305000000000e+09,-7.389991909138478832e+01,-6.539274204448653904e+01
2.376293987000000000e+09,-7.163548204721878676e+01,-6.312830500032053749e+01
2.376300668000000000e+09,-7.150446358170844974e+01,-6.299728653481020046e+01
2.376307350000000000e+09,-7.247428735880103545e+01,-6.396711031190278618e+01
2.376314031000000000e+09,-7.179020107152483376e+01,-6.328302402462658449e+01
2.376320713000000000e+09,-7.076312325665169567e+01,-6.225594620975344640e+01
2.376327394000000000e+09,-7.207821424345114281e+01,-6.357103719655289353e+01
2.376334076000000000e+09,-7.214476045448668629e+01,-6.363758340758843701e+01
2.376340757000000000e+09,-7.161920599909655039e+01,-6.311202895219830111e+01
2.376347439000000000e+09,-7.223445607228192955e+01,-6.372727902538368028e+01
2.376354120000000000e+09,-6.882532433247027370e+01,-6.031814728557202443e+01
2.376360802000000000e+09,-7.003796202945463278e+01,-6.153078498255638351e+01
2.376367483000000000e+09,-7.071751501739089463e+01,-6.221033797049264535e+01
2.376374165000000000e+09,-7.132054055089064093e+01,-6.281336350399239166e+01
2.376380846000000000e+09,-7.000733823142915924e+01,-6.150016118453090996e+01
2.376387528000000000e+09,-7.142317540428437894e+01,-6.291599835738612967e+01
2.376394209000000000e+09,-7.177491563446847067e+01,-6.326773858757022140e+01
2.376400891000000000e+09,-7.184235221686439843e+01,-6.333517516996614916e+01
2.376407572000000000e+09,-6.991072365902985553e+01,-6.140354661213160625e+01
2.376414254000000000e+09,-7.047761756109606779e+01,-6.197044051419781852e+01
2.376420935000000000e+09,-7.081600728575989478e+01,-6.230883023886164551e+01
2.376427617000000000e+09,-7.173954202476247133e+01,-6.323236497786422206e+01
2.376434298000000000e+09,-7.242123946653178734e+01,-6.391406241963353807e+01
2.376440980000000000e+09,-7.008213782622546262e+01,-6.157496077932721334e+01
2.376447661000000000e+09,-7.275622697733710709e+01,-6.424904993043885781e+01
2.376454343000000000e+09,-7.191235561348926808e+01,-6.340517856659101881e+01
2.376461024000000000e+09,-7.086495470816311126e+01,-6.235777766126486199e+01
2.376467706000000000e+09,-7.053104888399326455e+01,-6.202387183709501528e+01
2.376474388000000000e+09,-7.254783068110600652e+01,-6.404065363420775725e+01
2.376481069000000000e+09,-7.103743738665750129e+01,-6.253026033975925202e+01
2.376487751000000000e+09,-7.157506758576619177e+01,-6.306789053886794250e+01
2.376494432000000000e+09,-7.116619963556364326e+01,-6.265902258866539398e+01
2.376501114000000000e+09,-7.238584953477706563e+01,-6.387867248787881636e+01
2.376507795000000000e+09,-7.153641490202110731e+01,-6.302923785512285804e+01
2.376514477000000000e+09,-7.076980507717681235e+01,-6.226262803027856307e+01
2.376521158000000000e+09,-7.115150861564968920e+01,-6.264433156875143993e+01
2.376527840000000000e+09,-7.162804196577090465e+01,-6.312086491887265538e+01
2.376534521000000000e+09,-7.207729140979290605e+01,-6.357011436289465678e+01
2.376541203000000000e+09,-7.320169696528522252e+01,-6.469451991838697325e+01
2.376547884000000000e+09,-7.253439583316006178e+01,-6.402721878626181251e+01
2.376554566000000000e+09,-6.842391663717241101e+01,-5.991673959027416174e+01
2.376561247000000000e+09,-7.225228828465405684e+01,-6.374511123775580757e+01
2.376567929000000000e+09,-7.142190569455377158e+01,-6.291472864765552231e+01
2.376574610000000000e+09,-7.113619512568136827e+01,-6.262901807878311899e+01
2.376581292000000000e+09,-7.200157439757271050e+01,-6.349439735067446122e+01
2.376587973000000000e+09,-7.086833243147415828e+01,-6.236115538457590901e+01
2.376594655000000000e+09,-7.040542531842422136e+01,-6.189824827152597209e+01
2.376601336000000000e+09,-7.050019284550073451e+01,-6.199301579860248523e+01
2.376608018000000000e+09,-7.087334907033599052e+01,-6.236617202343774125e+01
2.376614699000000000e+09,-7.237487646114514916e+01,-6.386769941424689989e+01
2.376621381000000000e+09,-7.232512231493053889e+01,-6.381794526803228962e+01
2.376628062000000000e+09,-7.146732424363510461e+01,-6.296014719673685534e+01
2.376634744000000000e+09,-7.161296734247517293e+01,-6.310579029557692365e+01
2.376641425000000000e+09,-6.963399228326676393e+01,-6.112681523636851466e+01
2.376648107000000000e+09,-7.095538680341996951e+01,-6.244820975652172024e+01
2.376654788000000000e+09,-7.239654383714893982e+01,-6.388936679025069054e+01
2.376661470000000000e+09,-7.170762839505498221e+01,-6.320045134815673293e+01
2.376668151000000000e+09,-7.101132748683134821e+01,-6.250415043993309894e+01
2.376674833000000000e+09,-7.366951659926505158e+01,-6.516233955236680231e+01
2.376681514000000000e+09,-7.070099645355659845e+01,-6.219381940665834918e+01
2.376688196000000000e+09,-7.326307044626842924e+01,-6.475589339937017996e+01
2.376694878000000000e+09,-7.100483018131549784e+01,-6.249765313441724857e+01
2.376701559000000000e+09,-7.100776219590110827e+01,-6.250058514900285900e+01
2.376708241000000000e+09,-7.196836584070854315e+01,-6.346118879381029387e+01
2.376714922000000000e+09,-7.255925606770470893e+01,-6.405207902080645965e+01
2.376721604000000000e+09,-7.351920395082110815e+01,-6.501202690392285888e+01
2.376728285000000000e+09,-7.047301381609985071e+01,-6.196583676920160144e+01
2.376734967000000000e+09,-7.157183589439344473e+01,-6.306465884749519546e+01
2.376741648000000000e+09,-7.300541103035097024e+01,-6.449823398345272096e+01
2.376748330000000000e+09,-7.262667473104583848e+01,-6.411949768414758921e+01
2.376755011000000000e+09,-7.185786585675560900e+01,-6.335068880985735973e+01
2.376761693000000000e+09,-7.240222553355222601e+01,-6.389504848665397674e+01
2.376768374000000000e+09,-7.161490612052354265e+01,-6.310772907362529338e+01
2.376775056000000000e+09,-7.240877223451018097e+01,-6.390159518761193169e+01
2.376781737000000000e+09,-7.142759627118797994e+01,-6.292041922428973066e+01
2.376788419000000000e+09,-7.036532925764646507e+01,-6.185815221074821579e+01
2.376795100000000000e+09,-7.247833156431856594e+01,-6.397115451742031667e+01
2.376801782000000000e+09,-7.240574323625358488e+01,-6.389856618935533561e+01
2.376808463000000000e+09,-7.334525696037692910e+01,-6.483807991347867983e+01
2.376815145000000000e+09,-7.235805153521715738e+01,-6.385087448831890811e+01
2.376821826000000000e+09,-7.117171223019350634e+01,-6.266453518329525707e+01
2.376828508000000000e+09,-7.132546821027628425e+01,-6.281829116337803498e+01
2.376835189000000000e+09,-7.391844959374788004e+01,-6.541127254684963077e+01
2.376841871000000000e+09,-7.220926478026156303e+01,-6.370208773336331376e+01
2.376848552000000000e+09,-7.113379128412795183e+01,-6.262661423722970255e+01
2.376855234000000000e+09,-7.253266211557583176e+01,-6.402548506867758249e+01
2.376861915000000000e+09,-7.267389818145025515e+01,-6.416672113455200588e+01
2.376868597000000000e+09,-7.350414205675066626e+01,-6.499696500985241698e+01
2.376875278000000000e+09,-7.138018173827674673e+01,-6.287300469137849745e+01
2.376881960000000000e+09,-6.842424477435389463e+01,-5.991706772745564535e+01
2.376888641000000000e+09,-7.118656737685124369e+01,-6.267939032995299442e+01
2.376895323000000000e+09,-7.222049994023718966e+01,-6.371332289333894039e+01
2.376902004000000000e+09,-7.207418919626776699e+01,-6.356701214936951772e+01
2.376908686000000000e+09,-7.146084650582650966e+01,-6.295366945892826038e+01
2.376915367000000000e+09,-6.987535028120386471e+01,-6.136817323430561544e+01
2.376922049000000000e+09,-7.122243866550326175e+01,-6.271526161860501247e+01
2.376928731000000000e+09,-7.225886371269433539e+01,-6.375168666579608612e+01
2.376935412000000000e+09,-7.274529970927923728e+01,-6.423812266238098800e+01
2.376942094000000000e+09,-7.118338674544865796e+01,-6.267620969855040869e+01
2.376948775000000000e+09,-7.078818076039146945e+01,-6.228100371349322018e+01
2.376955457000000000e+09,-7.275818610471860381e+01,-6.425100905782035454e+01
2.376962138000000000e+09,-7.210476609114476787e+01,-6.359758904424651860e+01
2.376968820000000000e+09,-7.039180242929803910e+01,-6.188462538239978983e+01
2.376975501000000000e+09,-7.152978770210376069e+01,-6.302261065520551142e+01
2.376982183000000000e+09,-7.113417628925462566e+01,-6.262699924235637639e+01
2.376988864000000000e+09,-7.182432005489096127e+01,-6.331714300799271200e+01
2.376995546000000000e+09,-7.165564280826200161e+01,-6.314846576136375234e+01
2.377002227000000000e+09,-7.231752904278691574e+01,-6.381035199588866647e+01
2.377008909000000000e+09,-7.406598521669984336e+01,-6.555880816980159409e+01
2.377015590000000000e+09,-7.272209399828771836e+01,-6.421491695138946909e+01
2.377022272000000000e+09,-7.164327939104067866e+01,-6.313610234414242939e+01
2.377028953000000000e+09,-7.113634787866584475e+01,-6.262917083176759547e+01
2.377035635000000000e+09,-7.290132056718248066e+01,-6.439414352028423139e+01
2.377042316000000000e+09,-7.165454998621406446e+01,-6.314737293931581519e+01
2.377048998000000000e+09,-7.324877881945583624e+01,-6.474160177255758697e+01
2.377055679000000000e+09,-7.207129734881719685e+01,-6.356412030191894758e+01
2.377062361000000000e+09,-7.305638134313642240e+01,-6.454920429623817313e+01
2.377069042000000000e+09,-7.348331201154155679e+01,-6.497613496464330751e+01
2.377075724000000000e+09,-7.342845329602693027e+01,-6.492127624912868100e+01
2.377082405000000000e+09,-7.231137468897512122e+01,-6.380419764207687194e+01
2.377089087000000000e+09,-7.188652237136670919e+01,-6.337934532446845992e+01
2.377095768000000000e+09,-7.129249147531301389e+01,-6.278531442841476462e+01
2.377102450000000000e+09,-7.223198350453843375e+01,-6.372480645764018448e+01
2.377109131000000000e+09,-7.211678373001603859e+01,-6.360960668311778932e+01
2.377115813000000000e+09,-7.227687294404154272e+01,-6.376969589714329345e+01
2.377122494000000000e+09,-7.192350350601108744e+01,-6.341632645911283817e+01
2.377129176000000000e+09,-7.172422310882703300e+01,-6.321704606192878373e+01
2.377135857000000000e+09,-7.327689041034011552e+01,-6.476971336344186625e+01
2.377142539000000000e+09,-7.403112333807203527e+01,-6.552394629117378599e+01
2.377149220000000000e+09,-7.187689299689517952e+01,-6.336971594999693025e+01
2.377155902000000000e+09,-7.055673764614255106e+01,-6.204956059924430178e+01
2.377162584000000000e+09,-7.050596701327299343e+01,-6.199878996637474415e+01
2.377169265000000000e+09,-7.294698586708665289e+01,-6.443980882018840362e+01
2.377175947000000000e+09,-7.141357304225552127e+01,-6.290639599535727200e+01
2.377182628000000000e+09,-7.169378069149622945e+01,-6.318660364459798018e+01
2.377189310000000000e+09,-7.188624748838215339e+01,-6.337907044148390412e+01
2.377195991000000000e+09,-7.172782013699438153e+01,-6.322064309009613225e+01
2.377202673000000000e+09,-7.192759430836298407e+01,-6.342041726146473479e+01
2.377209354000000000e+09,-7.112540762217345502e+01,-6.261823057527520575e+01
2.377216036000000000e+09,-7.179550557765233521e+01,-6.328832853075408593e+01
2.377222717000000000e+09,-7.119753898718546736e+01,-6.269036194028721809e+01
2.377229399000000000e+09,-7.179384950958728950e+01,-6.328667246268904023e+01
2.377236080000000000e+09,-7.109839823060264052e+01,-6.259122118370439125e+01
2.377242762000000000e+09,-7.104059735670291786e+01,-6.253342030980466859e+01
2.377249443000000000e+09,-7.180035829412096859e+01,-6.329318124722271932e+01
2.377256125000000000e+09,-7.094027594674754766e+01,-6.243309889984929839e+01
2.377262806000000000e+09,-7.081287704991852650e+01,-6.230570000302027722e+01
2.377269488000000000e+09,-7.073838372173466382e+01,-6.223120667483641455e+01
2.377276169000000000e+09,-7.014054501589421875e+01,-6.163336796899596948e+01
2.377282851000000000e+09,-7.145660580579350096e+01,-6.294942875889525169e+01
2.377289532000000000e+09,-7.171674850883607633e+01,-6.320957146193782705e+01
2.377296214000000000e+09,-7.043411831061823136e+01,-6.192694126371998209e+01
2.377302895000000000e+09,-7.173507384003212906e+01,-6.322789679313387978e+01
2.377309577000000000e+09,-7.085668159932725985e+01,-6.234950455242901057e+01
2.377316258000000000e+09,-7.053891949230786906e+01,-6.203174244540961979e+01
2.377322940000000000e+09,-7.130290619242757089e+01,-6.279572914552932161e+01
2.377329621000000000e+09,-7.244291356545954841e+01,-6.393573651856129914e+01
2.377336303000000000e+09,-7.322404769448095863e+01,-6.471687064758270935e+01
2.377342984000000000e+09,-7.073733556940376843e+01,-6.223015852250551916e+01
2.377349666000000000e+09,-7.151562923093405288e+01,-6.300845218403580361e+01
2.377356347000000000e+09,-7.043610328187145342e+01,-6.192892623497320415e+01
2.377363029000000000e+09,-7.201751166379855817e+01,-6.351033461690030890e+01
2.377369710000000000e+09,-7.195587449332690255e+01,-6.344869744642865328e+01
2.377376392000000000e+09,-7.259388327747339531e+01,-6.408670623057514604e+01
2.377383073000000000e+09,-7.214212910513344923e+01,-6.363495205823519996e+01
2.377389755000000000e+09,-7.324227205663524387e+01,-6.473509500973699460e+01
2.377396437000000000e+09,-7.198807473157718562e+01,-6.348089768467893634e+01
2.377403118000000000e+09,-7.203947411118180355e+01,-6.353229706428355428e+01
2.377409800000000000e+09,-7.266127668580969612e+01,-6.415409963891144685e+01
2.377416481000000000e+09,-7.303635129252387514e+01,-6.452917424562562587e+01
2.377423163000000000e+09,-7.085732731851202004e+01,-6.235015027161377077e+01
2.377429844000000000e+09,-7.149245477044168240e+01,-6.298527772354343313e+01
2.377436526000000000e+09,-6.989469121612620484e+01,-6.138751416922795556e+01
2.377443207000000000e+09,-7.210644815090273596e+01,-6.359927110400448669e+01
2.377449889000000000e+09,-7.147400999076702988e+01,-6.296683294386878060e+01
2.377456570000000000e+09,-7.376482916857307259e+01,-6.525765212167482332e+01
2.377463252000000000e+09,-7.202019264891671924e+01,-6.351301560201846996e+01
2.377469933000000000e+09,-7.018792415881048896e+01,-6.168074711191223969e+01
2.377476615000000000e+09,-7.245414893870598405e+01,-6.394697189180773478e+01
2.377483296000000000e+09,-7.074498144004843425e+01,-6.223780439315018498e+01
2.377489978000000000e+09,-7.108695367806086551e+01,-6.257977663116261624e+01
2.377496659000000000e+09,-7.123725390722624695e+01,-6.273007686032799768e+01
2.377503341000000000e+09,-7.084770061033927391e+01,-6.234052356344102463e+01
2.377510022000000000e+09,-7.169779272799902969e+01,-6.319061568110078042e+01
2.377516704000000000e+09,-7.097006265537987701e+01,-6.246288560848162774e+01
2.377523385000000000e+09,-7.084765371906614462e+01,-6.234047667216789534e+01
2.377530067000000000e+09,-7.053974338159721924e+01,-6.203256633469896997e+01
2.377536748000000000e+09,-7.232914689863608260e+01,-6.382196985173783332e+01
2.377543430000000000e+09,-7.329621810930460413e+01,-6.478904106240635485e+01
2.377550111000000000e+09,-7.230718163724966985e+01,-6.380000459035142057e+01
2.377556793000000000e+09,-7.176215907963826623e+01,-6.325498203274001696e+01
2.377563474000000000e+09,-7.114505847259144389e+01,-6.263788142569319461e+01
2.377570156000000000e+09,-7.235709224550879526e+01,-6.384991519861054599e+01
2.377576837000000000e+09,-7.129140390797725502e+01,-6.278422686107900574e+01
2.377583519000000000e+09,-7.165898583733446969e+01,-6.315180879043622042e+01
2.377590200000000000e+09,-7.188241120714913279e+01,-6.337523416025088352e+01
2.377596882000000000e+09,-7.228751078908869943e+01,-6.378033374219045015e+01
2.377603563000000000e+09,-7.139956209212380145e+01,-6.289238504522555218e+01
2.377610245000000000e+09,-7.121484851395737792e+01,-6.270767146705912864e+01
2.377616927000000000e+09,-7.189561284903645344e+01,-6.338843580213820417e+01
2.377623608000000000e+09,-7.351062874935492175e+01,-6.500345170245667248e+01
2.377630290000000000e+09,-7.264075183329359220e+01,-6.413357478639534293e+01
2.377636971000000000e+09,-7.074108500870431726e+01,-6.223390796180606799e+01
2.377643653000000000e+09,-7.240353339289899282e+01,-6.389635634600074354e+01
2.377650334000000000e+09,-7.108953465163436647e+01,-6.258235760473611720e+01
2.377657016000000000e+09,-6.832382210190559135e+01,-5.981664505500734208e+01
2.377663697000000000e+09,-6.926100761006004802e+01,-6.075383056316179875e+01
2.377670379000000000e+09,-7.101896720431656718e+01,-6.251179015741831790e+01
2.377677060000000000e+09,-7.251622706797095930e+01,-6.400905002107271002e+01
2.377683742000000000e+09,-7.007774476137130648e+01,-6.157056771447305721e+01
2.377690423000000000e+09,-7.162067549904580233e+01,-6.311349845214755305e+01
2.377697105000000000e+09,-7.295469971688775956e+01,-6.444752266998951029e+01
2.377703786000000000e+09,-7.281933726883387692e+01,-6.431216022193562765e+01
2.377710468000000000e+09,-7.237959046786153294e+01,-6.387241342096328367e+01
2.377717149000000000e+09,-7.249136433877173147e+01,-6.398418729187348220e+01
2.377723831000000000e+09,-7.042279822852150062e+01,-6.191562118162325135e+01
2.377730512000000000e+09,-7.284755982739473268e+01,-6.434038278049648341e+01
2.377737194000000000e+09,-7.089217945560513101e+01,-6.238500240870688174e+01
2.377743875000000000e+09,-7.038110205651467766e+01,-6.187392500961642838e+01
2.377750557000000000e+09,-7.139985630527003480e+01,-6.289267925837178552e+01
2.377757238000000000e+09,-6.930731192064742174e+01,-6.080013487374917247e+01
2.377763920000000000e+09,-7.089462503059293397e+01,-6.238744798369468469e+01
2.377770601000000000e+09,-7.282655540056060772e+01,-6.431937835366235845e+01
2.377777283000000000e+09,-7.044043591095802981e+01,-6.193325886405978054e+01
2.377783964000000000e+09,-7.232794322025316092e+01,-6.382076617335491164e+01
2.377790646000000000e+09,-6.964417717017393272e+01,-6.113700012327568345e+01
2.377797327000000000e+09,-7.002204333123670210e+01,-6.151486628433845283e+01
2.377804009000000000e+09,-7.000953222178027602e+01,-6.150235517488202674e+01
2.377810690000000000e+09,-6.918016688874774900e+01,-6.067298984184949973e+01
2.377817372000000000e+09,-6.835311770536976894e+01,-5.984594065847151967e+01
2.377824053000000000e+09,-6.706776091284132235e+01,-5.856058386594307308e+01
2.377830735000000000e+09,-6.639949339656912741e+01,-5.789231634967087814e+01
2.377837416000000000e+09,-6.021349262809587799e+01,-5.170631558119762872e+01
2.377844098000000000e+09,-5.882156770129014944e+01,-5.031439065439190017e+01
2.377850780000000000e+09,-5.534994912976898007e+01,-4.684277208287072369e+01
2.377857461000000000e+09,-5.325301782143735352e+01,-4.474584077453910425e+01
2.377864143000000000e+09,-5.169082710331346675e+01,-4.318365005641521748e+01
2.377870824000000000e+09,-5.238147323648426124e+01,-4.387429618958600486e+01
2.377877506000000000e+09,-4.892550669806217911e+01,-4.041832965116392984e+01
2.377884187000000000e+09,-4.851083357585376632e+01,-4.000365652895551705e+01
2.377890869000000000e+09,-4.890032696912422239e+01,-4.039314992222597311e+01
2.377897550000000000e+09,-4.799707959962086079e+01,-3.948990255272261152e+01
2.377904232000000000e+09,-4.818653655431761251e+01,-3.967935950741936324e+01
2.377910913000000000e+09,-5.057894716198178031e+01,-4.207177011508352393e+01
2.377917595000000000e+09,-5.003944545817969214e+01,-4.153226841128143576e+01
2.377924276000000000e+09,-4.943903721976327859e+01,-4.093186017286502931e+01
2.377930958000000000e+09,-5.054314719868290240e+01,-4.203597015178465313e+01
2.377937639000000000e+09,-5.217872549244973612e+01,-4.367154844555147974e+01
2.377944321000000000e+09,-5.250991763155675329e+01,-4.400274058465849691e+01
2.377951002000000000e+09,-5.459279618434153747e+01,-4.608561913744328820e+01
2.377957684000000000e+09,-5.543356982566217539e+01,-4.692639277876392612e+01
2.377964365000000000e+09,-5.569936487399067460e+01,-4.719218782709242532e+01
2.377971047000000000e+09,-5.841946523383073497e+01,-4.991228818693248570e+01
2.377977728000000000e+09,-6.215886545147363051e+01,-5.365168840457538124e+01
2.377984410000000000e+09,-6.189089007966309453e+01,-5.338371303276484525e+01
2.377991091000000000e+09,-6.463720099136926933e+01,-5.613002394447102006e+01
2.377997773000000000e+09,-6.400042930641848216e+01,-5.549325225952023288e+01
2.378004454000000000e+09,-6.475241690261586314e+01,-5.624523985571761386e+01
2.378011136000000000e+09,-6.416900274648799041e+01,-5.566182569958974113e+01
2.378017817000000000e+09,-6.504384595399744740e+01,-5.653666890709919812e+01
2.378024499000000000e+09,-6.164435100334564765e+01,-5.313717395644739838e+01
2.378031180000000000e+09,-5.874595526765705955e+01,-5.023877822075880317e+01
2.378037862000000000e+09,-5.862069680250849046e+01,-5.011351975561024119e+01
2.378044543000000000e+09,-5.626404717780864928e+01,-4.775687013091040001e+01
2.378051225000000000e+09,-5.498362847603484482e+01,-4.647645142913658844e+01
2.378057906000000000e+09,-5.457945020710219097e+01,-4.607227316020393459e+01
2.378064588000000000e+09,-5.378148525570796323e+01,-4.527430820880971396e+01
2.378071269000000000e+09,-5.145306685533209645e+01,-4.294588980843384718e+01
2.378077951000000000e+09,-5.180882009372772501e+01,-4.330164304682946863e+01
2.378084633000000000e+09,-4.984305942354964714e+01,-4.133588237665139786e+01
2.378091314000000000e+09,-4.964494481583219709e+01,-4.113776776893394072e+01
2.378097996000000000e+09,-5.073433831409487027e+01,-4.222716126719662100e+01
2.378104677000000000e+09,-4.982486514956281098e+01,-4.131768810266456171e+01
2.378111359000000000e+09,-4.888578137610394236e+01,-4.037860432920568599e+01
2.378118040000000000e+09,-4.904692826470544986e+01,-4.053975121780719348e+01
2.378124722000000000e+09,-4.968892368015163186e+01,-4.118174663325338258e+01
2.378131403000000000e+09,-4.873673043738774879e+01,-4.022955339048949952e+01
2.378138085000000000e+09,-5.068039576855902340e+01,-4.217321872166077412e+01
2.378144766000000000e+09,-5.142429158389419541e+01,-4.291711453699593903e+01
2.378151448000000000e+09,-5.439421854613754448e+01,-4.588704149923928810e+01
2.378158129000000000e+09,-5.771285968036707459e+01,-4.920568263346882532e+01
2.378164811000000000e+09,-5.944212618527606651e+01,-5.093494913837781723e+01
2.378171492000000000e+09,-6.196481676771429647e+01,-5.345763972081604720e+01
2.378178174000000000e+09,-6.554245702155687070e+01,-5.703527997465862143e+01
2.378184855000000000e+09,-6.712196876966345371e+01,-5.861479172276520444e+01
2.378191537000000000e+09,-6.968067008224278425e+01,-6.117349303534453497e+01
2.378198218000000000e+09,-6.973480705644000466e+01,-6.122763000954175538e+01
2.378204900000000000e+09,-6.954110791984757611e+01,-6.103393087294932684e+01
2.378211581000000000e+09,-7.245373400495425642e+01,-6.394655695805600715e+01
2.378218263000000000e+09,-7.269607406720251674e+01,-6.418889702030426747e+01
2.378224944000000000e+09,-6.931361942418628530e+01,-6.080644237728803603e+01
2.378231626000000000e+09,-7.060379068164480998e+01,-6.209661363474656071e+01
2.378238307000000000e+09,-7.076165541610461673e+01,-6.225447836920636746e+01
2.378244989000000000e+09,-7.201502068817968905e+01,-6.350784364128143977e+01
2.378251670000000000e+09,-7.295445699351617463e+01,-6.444727994661792536e+01
2.378258352000000000e+09,-7.243587593860422658e+01,-6.392869889170597730e+01
2.378265033000000000e+09,-6.998589195872888524e+01,-6.147871491183063597e+01
2.378271715000000000e+09,-7.122771611679722525e+01,-6.272053906989897598e+01
2.378278396000000000e+09,-7.129450907059764120e+01,-6.278733202369939193e+01
2.378285078000000000e+09,-6.948744120725780249e+01,-6.098026416035955322e+01
2.378291759000000000e+09,-7.134733392348991288e+01,-6.284015687659166360e+01
2.378298441000000000e+09,-7.201361122609965548e+01,-6.350643417920140621e+01
2.378305122000000000e+09,-7.262698977371528031e+01,-6.411981272681703103e+01
2.378311804000000000e+09,-7.097211875741345466e+01,-6.246494171051520539e+01
2.378318486000000000e+09,-7.129225627460949966e+01,-6.278507922771125038e+01
2.378325167000000000e+09,-7.176328361635609099e+01,-6.325610656945784172e+01
2.378331849000000000e+09,-7.094236595687272029e+01,-6.243518890997447102e+01
2.378338530000000000e+09,-7.174530751788459781e+01,-6.323813047098634854e+01
2.378345212000000000e+09,-7.007887944655115575e+01,-6.157170239965290648e+01
2.378351893000000000e+09,-7.201708116318867781e+01,-6.350990411629042853e+01
2.378358575000000000e+09,-7.089847073253113763e+01,-6.239129368563288836e+01
2.378365256000000000e+09,-7.054901362487922256e+01,-6.204183657798097329e+01
2.378371938000000000e+09,-7.192814128922323391e+01,-6.342096424232498464e+01
2.378378619000000000e+09,-7.291772859515968719e+01,-6.441055154826143792e+01
2.378385301000000000e+09,-7.328015161385947351e+01,-6.477297456696122424e+01
2.378391982000000000e+09,-6.823591483921514111e+01,-5.972873779231689184e+01
2.378398664000000000e+09,-7.186575867609056445e+01,-6.335858162919231518e+01
2.378405345000000000e+09,-7.010031132979609936e+01,-6.159313428289785008e+01
2.378412027000000000e+09,-7.101419769274346550e+01,-6.250702064584521622e+01
2.378418708000000000e+09,-6.994224570358640847e+01,-6.143506865668815919e+01
2.378425390000000000e+09,-7.177605809384826330e+01,-6.326888104695001402e+01
2.378432071000000000e+09,-7.105388508669963699e+01,-6.254670803980138771e+01
2.378438753000000000e+09,-7.164983969411622411e+01,-6.314266264721797484e+01
2.378445434000000000e+09,-7.138146188286802385e+01,-6.287428483596977458e+01
2.378452116000000000e+09,-7.095059506538633798e+01,-6.244341801848808871e+01
2.378458797000000000e+09,-7.168432757828770718e+01,-6.317715053138945791e+01
2.378465479000000000e+09,-7.138059078956209191e+01,-6.287341374266384264e+01
2.378472160000000000e+09,-7.073497913040623075e+01,-6.222780208350798148e+01
2.378478842000000000e+09,-6.978814837809972005e+01,-6.128097133120147078e+01
2.378485523000000000e+09,-7.152281724988188216e+01,-6.301564020298363289e+01
2.378492205000000000e+09,-7.243572248397089197e+01,-6.392854543707264270e+01
2.378498886000000000e+09,-7.279552761424548635e+01,-6.428835056734723707e+01
2.378505568000000000e+09,-7.188137159607487092e+01,-6.337419454917662165e+01
2.378512249000000000e+09,-7.159071634444677557e+01,-6.308353929754852629e+01
2.378518931000000000e+09,-7.101177445362606022e+01,-6.250459740672781095e+01
2.378525612000000000e+09,-7.293938758342379458e+01,-6.443221053652554531e+01
2.378532294000000000e+09,-7.345147832257507048e+01,-6.494430127567682121e+01
2.378538976000000000e+09,-7.292631910025674813e+01,-6.441914205335849886e+01
2.378545657000000000e+09,-7.123212765420281301e+01,-6.272495060730456373e+01
2.378552339000000000e+09,-7.152926421515962829e+01,-6.302208716826137902e+01
2.378559020000000000e+09,-6.969357677414799923e+01,-6.118639972724974996e+01
2.378565702000000000e+09,-7.053053927840997517e+01,-6.202336223151172589e+01
2.378572383000000000e+09,-7.090797131436387701e+01,-6.240079426746562774e+01
2.378579065000000000e+09,-7.114037201819724032e+01,-6.263319497129899105e+01
2.378585746000000000e+09,-6.963199078587580004e+01,-6.112481373897755077e+01
2.378592428000000000e+09,-7.153246128820241267e+01,-6.302528424130416340e+01
2.378599109000000000e+09,-7.001213984442395599e+01,-6.150496279752570672e+01
2.378605791000000000e+09,-7.015423793418942466e+01,-6.164706088729117539e+01
2.378612472000000000e+09,-7.351122162763316226e+01,-6.500404458073491298e+01
2.378619154000000000e+09,-7.232433247515854191e+01,-6.381715542826029264e+01
2.378625835000000000e+09,-7.115715210588093953e+01,-6.264997505898269026e+01
2.378632517000000000e+09,-7.220034139763480141e+01,-6.369316435073655214e+01
2.378639198000000000e+09,-7.107466339015113022e+01,-6.256748634325288094e+01
2.378645880000000000e+09,-7.039142635277379156e+01,-6.188424930587554229e+01
2.378652561000000000e+09,-7.090559071998097806e+01,-6.239841367308272879e+01
2.378659243000000000e+09,-7.049545736491742787e+01,-6.198828031801917859e+01
2.378665924000000000e+09,-7.265371663042844830e+01,-6.414653958353019902e+01
2.378672606000000000e+09,-7.153652979162366421e+01,-6.302935274472541494e+01
2.378679287000000000e+09,-7.108192654027860158e+01,-6.257474949338035231e+01
2.378685969000000000e+09,-6.954699047004800150e+01,-6.103981342314975223e+01
2.378692650000000000e+09,-7.168455599316388316e+01,-6.317737894626563389e+01
2.378699332000000000e+09,-7.120542257911461093e+01,-6.269824553221636165e+01
2.378706013000000000e+09,-7.117829537624231762e+01,-6.267111832934406834e+01
2.378712695000000000e+09,-7.152870098900817197e+01,-6.302152394210992270e+01
2.378719376000000000e+09,-7.107957675795252328e+01,-6.257239971105427401e+01
2.378726058000000000e+09,-7.070197076227441357e+01,-6.219479371537616430e+01
2.378732739000000000e+09,-6.831854209546885670e+01,-5.981136504857060743e+01
2.378739421000000000e+09,-7.042414572486298141e+01,-6.191696867796473214e+01
2.378746102000000000e+09,-7.056983300354885102e+01,-6.206265595665060175e+01
2.378752784000000000e+09,-7.073188666882039399e+01,-6.222470962192214472e+01
2.378759465000000000e+09,-7.174231263761433297e+01,-6.323513559071608370e+01
2.378766147000000000e+09,-7.195082126869506567e+01,-6.344364422179681640e+01
2.378772829000000000e+09,-7.020206917256032852e+01,-6.169489212566207925e+01
2.378779510000000000e+09,-7.132109350997862407e+01,-6.281391646308037480e+01
2.378786192000000000e+09,-7.230572642415489781e+01,-6.379854937725664854e+01
2.378792873000000000e+09,-7.174945801995906436e+01,-6.324228097306081509e+01
2.378799555000000000e+09,-6.950477507381835096e+01,-6.099759802692010169e+01
2.378806236000000000e+09,-6.997571167632592903e+01,-6.146853462942767976e+01
2.378812918000000000e+09,-6.962886910643419469e+01,-6.112169205953594542e+01
2.378819599000000000e+09,-6.957594132065197812e+01,-6.106876427375372884e+01
2.378826281000000000e+09,-7.143319454741151731e+01,-6.292601750051326803e+01
2.378832962000000000e+09,-7.101052014628105269e+01,-6.250334309938280342e+01
2.378839644000000000e+09,-7.048573586416266323e+01,-6.197855881726441396e+01
2.378846325000000000e+09,-6.893867711720798752e+01,-6.043150007030973825e+01
2.378853007000000000e+09,-7.211279684703944781e+01,-6.360561980014119854e+01
2.378859688000000000e+09,-7.129922878532107688e+01,-6.279205173842282761e+01
2.378866370000000000e+09,-7.173009770731711399e+01,-6.322292066041886471e+01
2.378873051000000000e+09,-7.221009860051003670e+01,-6.370292155361178743e+01
2.378879733000000000e+09,-6.971059691161798355e+01,-6.120341986471973428e+01
2.378886414000000000e+09,-6.857305436591502712e+01,-6.006587731901677785e+01
2.378893096000000000e+09,-6.980799563398423402e+01,-6.130081858708598475e+01
2.378899777000000000e+09,-6.645336353836364651e+01,-5.794618649146539724e+01
2.378906459000000000e+09,-7.154803641907255951e+01,-6.304085937217431024e+01
2.378913140000000000e+09,-7.187279465175588200e+01,-6.336561760485763273e+01
2.378919822000000000e+09,-6.953145686531659919e+01,-6.102427981841834992e+01
2.378926503000000000e+09,-6.954605847888930725e+01,-6.103888143199105798e+01
2.378933185000000000e+09,-7.120601474557183508e+01,-6.269883769867358581e+01
2.378939866000000000e+09,-6.994358897843618195e+01,-6.143641193153793267e+01
2.378946548000000000e+09,-7.090706625905116312e+01,-6.239988921215291384e+01
2.378953229000000000e+09,-7.039028599902206906e+01,-6.188310895212381979e+01
2.378959911000000000e+09,-6.995623347695826055e+01,-6.144905643006001128e+01
2.378966592000000000e+09,-6.907705671772306744e+01,-6.056987967082481816e+01
2.378973274000000000e+09,-7.013016377416923319e+01,-6.162298672727098392e+01
2.378979955000000000e+09,-7.016478061302204594e+01,-6.165760356612379667e+01
2.378986637000000000e+09,-7.026891291056398359e+01,-6.176173586366573431e+01
2.378993318000000000e+09,-7.173643001860276058e+01,-6.322925297170451131e+01
2.379000000000000000e+09,-7.053276990167513816e+01,-6.202559285477688888e+01
